File Name,default,TreeCutLevel-1,RootCutLevel-1,StrongBranching-1
test_1200_2_instance_197,0.0,0.0,0.0,0.0
test_1200_2_instance_21,0.01,0.01,0.01,0.01
test_1200_4_instance_132,30.53,25.99,30.37,26.26
test_1200_4_instance_229,18.25,21.3,19.7,19.26
test_1200_4_instance_296,49.87,37.43,35.69,50.7
test_1200_4_instance_47,78.67,104.61,111.91,81.08
test_1200_4_instance_509,36.56,37.19,39.35,35.55
test_1200_4_instance_523,19.47,16.75,24.74,19.87
test_1200_4_instance_587,1.79,2.05,1.91,1.77
test_1200_4_instance_592,7.71,5.75,5.43,7.31
test_1200_4_instance_693,32.91,33.77,33.77,29.49
test_1200_4_instance_701,0.86,1.36,1.05,0.84
test_1200_4_instance_78,27.71,30.17,23.07,24.25
test_1200_4_instance_848,11.51,11.84,12.07,11.77
test_1200_4_instance_882,5.24,7.6,4.46,5.28
test_150_16_instance_195,2.6,1.63,1.88,2.58
test_150_16_instance_255,1.05,0.89,1.11,1.15
test_150_16_instance_279,1.09,1.01,1.03,1.08
test_150_16_instance_29,1.14,1.17,1.02,1.18
test_150_16_instance_296,1.08,0.99,1.23,1.06
test_150_16_instance_30,0.71,0.66,0.93,0.72
test_150_16_instance_372,1.18,0.92,1.13,1.05
test_150_16_instance_373,1.02,0.9,1.12,1.1
test_150_16_instance_404,0.95,0.92,0.96,0.94
test_150_16_instance_407,1.77,1.09,1.21,1.73
test_150_16_instance_438,2.13,1.57,1.62,2.11
test_150_16_instance_462,1.64,1.48,1.63,1.83
test_150_16_instance_479,1.04,0.85,0.98,0.99
test_150_16_instance_486,0.92,1.1,1.19,0.81
test_150_16_instance_507,1.12,0.92,1.01,1.41
test_150_16_instance_509,1.0,0.93,1.15,1.14
test_150_16_instance_522,1.13,1.23,1.17,1.26
test_150_16_instance_591,1.88,1.53,1.48,1.84
test_150_16_instance_614,1.77,2.02,1.66,1.79
test_150_16_instance_621,1.2,0.94,1.27,1.22
test_150_16_instance_668,2.05,1.53,1.6,2.03
test_150_16_instance_676,1.02,0.89,0.8,0.89
test_150_16_instance_757,0.92,0.77,0.95,1.01
test_150_16_instance_770,1.22,1.17,1.05,1.22
test_150_16_instance_812,1.55,1.34,1.77,1.56
test_150_16_instance_815,1.0,0.98,0.93,1.14
test_150_16_instance_819,1.06,1.14,1.17,1.06
test_150_16_instance_828,1.43,1.17,1.51,1.52
test_150_16_instance_867,1.99,1.64,1.83,1.96
test_150_16_instance_881,3.52,2.38,4.08,4.12
test_150_16_instance_974,2.6,2.34,2.15,2.47
test_150_32_instance_102,0.16,0.16,0.16,0.11
test_150_32_instance_141,0.13,0.13,0.13,0.14
test_150_32_instance_183,0.14,0.14,0.14,0.14
test_150_32_instance_278,0.2,0.2,0.2,0.19
test_150_32_instance_315,0.13,0.14,0.13,0.14
test_150_32_instance_335,0.11,0.11,0.11,0.08
test_150_32_instance_536,0.19,0.17,0.2,0.2
test_150_32_instance_546,0.18,0.18,0.18,0.18
test_150_32_instance_592,0.12,0.13,0.12,0.13
test_150_32_instance_607,0.18,0.17,0.17,0.16
test_150_32_instance_641,0.21,0.16,0.2,0.16
test_150_32_instance_652,0.13,0.13,0.13,0.13
test_150_32_instance_731,0.14,0.13,0.15,0.12
test_150_32_instance_745,0.19,0.18,0.18,0.19
test_150_32_instance_776,0.2,0.2,0.2,0.21
test_150_32_instance_850,0.14,0.1,0.15,0.14
test_150_32_instance_863,0.19,0.16,0.2,0.18
test_150_32_instance_901,0.2,0.22,0.19,0.2
test_150_32_instance_913,0.11,0.11,0.12,0.12
test_150_32_instance_917,0.16,0.18,0.17,0.17
test_150_32_instance_936,0.19,0.19,0.2,0.2
test_150_32_instance_998,0.12,0.12,0.13,0.12
test_150_4_instance_116,0.07,0.06,0.07,0.06
test_150_4_instance_139,0.07,0.07,0.07,0.07
test_150_4_instance_18,0.03,0.03,0.04,0.04
test_150_4_instance_19,0.03,0.03,0.03,0.03
test_150_4_instance_209,0.12,0.1,0.1,0.1
test_150_4_instance_257,0.11,0.1,0.11,0.11
test_150_4_instance_319,0.03,0.03,0.03,0.03
test_150_4_instance_364,0.14,0.13,0.14,0.13
test_150_4_instance_380,0.11,0.1,0.11,0.1
test_150_4_instance_42,0.16,0.18,0.14,0.17
test_150_4_instance_451,0.15,0.15,0.13,0.14
test_150_4_instance_473,0.08,0.08,0.06,0.09
test_150_4_instance_623,0.03,0.03,0.03,0.03
test_150_4_instance_743,0.06,0.08,0.06,0.06
test_150_4_instance_759,0.03,0.03,0.03,0.03
test_150_4_instance_812,0.08,0.08,0.08,0.08
test_150_4_instance_837,0.2,0.19,0.18,0.23
test_150_4_instance_882,0.07,0.08,0.08,0.08
test_150_4_instance_886,0.07,0.08,0.08,0.08
test_150_64_instance_121,0.11,0.12,0.12,0.12
test_150_64_instance_135,0.13,0.12,0.12,0.13
test_150_64_instance_137,0.12,0.12,0.12,0.13
test_150_64_instance_146,0.12,0.12,0.13,0.12
test_150_64_instance_155,0.13,0.15,0.15,0.13
test_150_64_instance_162,0.11,0.12,0.12,0.11
test_150_64_instance_344,0.08,0.12,0.12,0.12
test_150_64_instance_355,0.1,0.1,0.1,0.1
test_150_64_instance_375,0.13,0.13,0.13,0.13
test_150_64_instance_500,0.13,0.12,0.12,0.12
test_150_64_instance_511,0.12,0.12,0.12,0.12
test_150_64_instance_555,0.14,0.14,0.14,0.15
test_150_64_instance_591,0.15,0.15,0.15,0.15
test_150_64_instance_620,0.14,0.12,0.15,0.14
test_150_64_instance_65,0.13,0.13,0.12,0.14
test_150_64_instance_658,0.13,0.12,0.13,0.13
test_150_64_instance_713,0.13,0.13,0.12,0.12
test_150_64_instance_746,0.13,0.13,0.14,0.13
test_150_64_instance_800,0.12,0.12,0.13,0.12
test_150_64_instance_817,0.14,0.13,0.14,0.12
test_150_64_instance_906,0.12,0.12,0.11,0.12
test_150_64_instance_930,0.17,0.17,0.18,0.17
test_150_64_instance_943,0.12,0.12,0.12,0.12
test_150_64_instance_978,0.15,0.15,0.15,0.15
test_150_8_instance_142,0.46,0.41,0.35,0.52
test_150_8_instance_183,0.38,0.42,0.35,0.38
test_150_8_instance_189,0.34,0.24,0.21,0.29
test_150_8_instance_23,0.35,0.34,0.35,0.44
test_150_8_instance_238,0.55,0.39,0.4,0.58
test_150_8_instance_29,0.59,0.55,0.43,0.7
test_150_8_instance_338,1.07,0.62,0.69,0.97
test_150_8_instance_342,0.3,0.28,0.28,0.28
test_150_8_instance_465,0.55,0.54,0.43,0.55
test_150_8_instance_541,0.31,0.29,0.33,0.45
test_150_8_instance_600,0.85,0.58,0.8,0.8
test_150_8_instance_615,0.59,0.37,0.34,0.45
test_150_8_instance_630,0.63,0.65,0.67,0.68
test_150_8_instance_645,0.82,0.53,0.64,0.82
test_150_8_instance_705,0.61,0.42,0.36,0.56
test_150_8_instance_723,0.73,0.58,0.65,0.87
test_150_8_instance_733,0.59,0.51,0.62,0.69
test_150_8_instance_741,0.84,0.54,0.57,0.62
test_150_8_instance_751,1.1,0.63,0.75,1.1
test_150_8_instance_809,0.5,0.61,0.54,0.53
test_150_8_instance_951,0.45,0.46,0.53,0.44
test_150_8_instance_965,0.36,0.4,0.28,0.38
test_2400_2_instance_122,0.0,0.0,0.0,0.0
test_2400_2_instance_654,0.01,0.02,0.01,0.02
test_2400_4_instance_158,444.52,720.0,419.26,697.7
test_2400_4_instance_470,441.32,487.94,366.33,464.42
test_2400_4_instance_75,579.86,720.0,711.79,663.62
test_300_16_instance_17,663.99,720.0,595.87,596.33
test_300_16_instance_351,285.58,235.08,263.89,281.54
test_300_16_instance_41,323.38,342.99,337.54,305.49
test_300_16_instance_417,205.68,210.5,204.47,199.37
test_300_16_instance_572,143.08,143.99,139.96,151.8
test_300_16_instance_595,240.56,306.06,350.45,271.35
test_300_16_instance_674,271.45,295.17,280.66,250.52
test_300_16_instance_74,687.84,661.88,684.41,627.42
test_300_16_instance_741,720.0,679.7,720.0,704.73
test_300_16_instance_779,239.76,232.78,254.54,220.14
test_300_16_instance_820,304.2,371.32,428.58,288.62
test_300_16_instance_873,329.42,354.68,320.83,306.52
test_300_16_instance_892,489.66,640.68,582.13,498.26
test_300_16_instance_897,191.63,206.36,219.77,184.86
test_300_16_instance_938,408.6,432.39,349.29,414.88
test_300_16_instance_94,618.82,654.47,719.02,505.31
test_300_2_instance_266,0.0,0.0,0.0,0.0
test_300_2_instance_303,0.01,0.01,0.01,0.01
test_300_2_instance_422,0.0,0.0,0.0,0.0
test_300_32_instance_948,579.2,418.85,638.93,572.22
test_300_4_instance_144,0.16,0.15,0.17,0.19
test_300_4_instance_24,0.15,0.17,0.15,0.16
test_300_4_instance_311,0.26,0.25,0.21,0.25
test_300_4_instance_321,0.19,0.17,0.2,0.19
test_300_4_instance_396,0.39,0.36,0.35,0.41
test_300_4_instance_446,0.31,0.44,0.29,0.29
test_300_4_instance_452,0.18,0.17,0.15,0.17
test_300_4_instance_459,0.05,0.05,0.06,0.05
test_300_4_instance_498,0.15,0.15,0.14,0.16
test_300_4_instance_567,0.21,0.21,0.21,0.21
test_300_4_instance_602,0.11,0.11,0.1,0.11
test_300_4_instance_604,0.24,0.25,0.26,0.26
test_300_4_instance_70,0.14,0.15,0.16,0.15
test_300_4_instance_754,0.28,0.26,0.33,0.28
test_300_4_instance_760,0.11,0.1,0.11,0.1
test_300_4_instance_779,0.26,0.24,0.23,0.22
test_300_4_instance_791,0.1,0.09,0.1,0.1
test_300_4_instance_844,0.3,0.26,0.24,0.3
test_300_4_instance_911,0.16,0.16,0.16,0.16
test_300_4_instance_923,0.16,0.16,0.14,0.17
test_300_64_instance_102,0.32,0.31,0.31,0.3
test_300_64_instance_11,0.29,0.27,0.29,0.26
test_300_64_instance_12,0.32,0.29,0.31,0.3
test_300_64_instance_132,0.31,0.33,0.3,0.3
test_300_64_instance_133,0.3,0.33,0.34,0.33
test_300_64_instance_166,0.39,0.38,0.42,0.39
test_300_64_instance_187,0.29,0.28,0.3,0.29
test_300_64_instance_191,0.3,0.27,0.32,0.31
test_300_64_instance_214,0.32,0.3,0.29,0.29
test_300_64_instance_241,0.33,0.31,0.34,0.3
test_300_64_instance_262,0.26,0.27,0.3,0.29
test_300_64_instance_344,0.29,0.26,0.29,0.24
test_300_64_instance_37,0.25,0.26,0.26,0.23
test_300_64_instance_387,0.32,0.43,0.39,0.35
test_300_64_instance_450,0.3,0.28,0.29,0.29
test_300_64_instance_497,0.3,0.31,0.28,0.28
test_300_64_instance_549,0.28,0.31,0.34,0.3
test_300_64_instance_562,0.3,0.27,0.25,0.32
test_300_64_instance_57,0.27,0.27,0.25,0.24
test_300_64_instance_648,0.27,0.27,0.25,0.25
test_300_64_instance_704,0.27,0.27,0.31,0.28
test_300_64_instance_747,0.27,0.26,0.26,0.25
test_300_64_instance_757,0.26,0.26,0.24,0.25
test_300_64_instance_779,0.27,0.28,0.27,0.3
test_300_64_instance_791,0.32,0.28,0.33,0.3
test_300_64_instance_861,0.26,0.25,0.24,0.27
test_300_64_instance_862,0.29,0.28,0.3,0.29
test_300_64_instance_927,0.28,0.29,0.29,0.3
test_300_8_instance_146,17.03,13.09,15.92,15.36
test_300_8_instance_149,26.72,26.93,29.33,30.4
test_300_8_instance_151,5.87,4.08,4.89,5.96
test_300_8_instance_2,14.63,14.11,10.9,13.94
test_300_8_instance_380,6.39,5.27,7.65,6.63
test_300_8_instance_487,9.49,7.27,6.81,9.06
test_300_8_instance_582,13.32,12.37,11.43,12.9
test_300_8_instance_596,8.04,6.61,8.98,7.83
test_300_8_instance_602,6.15,4.7,5.41,6.28
test_300_8_instance_611,2.88,2.57,2.4,2.8
test_300_8_instance_618,25.77,26.31,23.19,24.46
test_300_8_instance_634,6.31,6.26,8.04,6.19
test_300_8_instance_819,15.25,15.09,20.81,14.71
test_300_8_instance_824,14.0,11.37,13.69,13.83
test_300_8_instance_893,9.55,6.76,8.27,9.15
test_300_8_instance_943,28.03,32.97,34.88,27.55
test_300_8_instance_946,10.36,9.56,9.88,9.91
test_300_8_instance_962,3.9,4.33,4.74,3.55
test_4800_2_instance_260,0.0,0.0,0.0,0.0
test_4800_2_instance_624,0.0,0.0,0.0,0.0
test_4800_2_instance_640,0.01,0.01,0.01,0.01
test_4800_2_instance_691,0.01,0.01,0.01,0.01
test_600_4_instance_105,0.66,0.69,0.66,0.71
test_600_4_instance_133,1.49,1.28,1.55,1.46
test_600_4_instance_238,3.16,3.26,3.21,3.09
test_600_4_instance_24,0.85,0.73,0.76,0.84
test_600_4_instance_240,0.73,0.71,0.55,0.72
test_600_4_instance_327,0.49,0.41,0.4,0.49
test_600_4_instance_351,0.85,0.9,1.04,0.79
test_600_4_instance_361,0.34,0.39,0.37,0.34
test_600_4_instance_366,0.15,0.17,0.18,0.17
test_600_4_instance_377,0.83,0.72,0.77,0.79
test_600_4_instance_399,1.42,1.36,1.44,1.3
test_600_4_instance_451,3.35,2.84,2.69,3.28
test_600_4_instance_46,0.57,0.53,0.53,0.54
test_600_4_instance_461,1.08,1.11,0.99,1.09
test_600_4_instance_469,0.96,1.26,0.96,1.03
test_600_4_instance_47,0.54,0.44,0.35,0.44
test_600_4_instance_5,0.41,0.4,0.48,0.42
test_600_4_instance_508,2.24,1.32,1.39,2.22
test_600_4_instance_537,0.18,0.21,0.19,0.19
test_600_4_instance_54,0.42,0.36,0.4,0.4
test_600_4_instance_61,0.49,0.55,0.47,0.54
test_600_4_instance_62,0.67,0.85,0.67,0.69
test_600_4_instance_638,0.4,0.6,0.38,0.44
test_600_4_instance_697,0.66,0.49,0.64,0.61
test_600_4_instance_723,1.09,1.28,1.28,1.18
test_600_4_instance_76,1.53,1.22,1.16,1.24
test_600_4_instance_89,0.34,0.39,0.33,0.4
test_600_4_instance_902,0.52,0.61,0.54,0.52
test_600_4_instance_925,0.72,0.81,0.61,0.74
train_1200_2_instance_1199,0.0,0.0,0.0,0.0
train_1200_2_instance_1357,0.0,0.0,0.0,0.0
train_1200_2_instance_2099,0.01,0.01,0.01,0.01
train_1200_2_instance_2118,0.01,0.01,0.01,0.01
train_1200_2_instance_214,0.01,0.01,0.01,0.01
train_1200_2_instance_2868,0.0,0.0,0.0,0.0
train_1200_2_instance_3886,0.01,0.01,0.01,0.01
train_1200_2_instance_747,0.0,0.0,0.0,0.0
train_1200_2_instance_863,0.0,0.0,0.0,0.0
train_1200_4_instance_1019,14.65,16.19,15.35,16.32
train_1200_4_instance_1178,16.73,17.76,13.71,16.17
train_1200_4_instance_119,3.36,4.82,4.55,3.61
train_1200_4_instance_1243,8.56,9.85,6.49,8.37
train_1200_4_instance_1313,15.76,21.41,26.38,16.05
train_1200_4_instance_1319,2.28,3.06,2.2,2.32
train_1200_4_instance_1348,25.26,22.84,21.95,22.85
train_1200_4_instance_1435,6.28,6.6,6.65,7.42
train_1200_4_instance_1460,34.12,26.33,28.96,33.77
train_1200_4_instance_1475,7.16,9.18,9.22,7.42
train_1200_4_instance_1485,8.03,9.26,9.35,8.28
train_1200_4_instance_1579,4.38,4.81,6.0,4.44
train_1200_4_instance_1718,8.37,7.65,8.77,9.0
train_1200_4_instance_1772,29.46,23.55,29.38,29.22
train_1200_4_instance_1813,2.74,2.42,2.18,2.55
train_1200_4_instance_1884,7.66,5.23,4.31,7.29
train_1200_4_instance_1977,43.66,37.6,45.33,43.76
train_1200_4_instance_1988,34.48,33.15,33.16,34.18
train_1200_4_instance_2097,1.37,2.49,1.84,1.4
train_1200_4_instance_2137,2.97,3.06,2.35,3.24
train_1200_4_instance_218,14.7,13.54,18.85,13.83
train_1200_4_instance_2202,4.43,3.1,2.87,3.62
train_1200_4_instance_2249,2.52,2.78,1.76,2.44
train_1200_4_instance_2287,20.57,22.04,22.94,20.69
train_1200_4_instance_2311,6.11,6.85,9.91,6.32
train_1200_4_instance_2329,26.93,28.64,23.75,26.11
train_1200_4_instance_2330,64.32,52.23,50.59,63.28
train_1200_4_instance_2346,34.3,30.44,25.0,25.35
train_1200_4_instance_2432,17.04,19.48,18.76,17.07
train_1200_4_instance_2475,21.29,23.24,27.24,21.38
train_1200_4_instance_2482,8.68,8.12,7.61,8.47
train_1200_4_instance_2486,38.11,33.89,32.41,37.52
train_1200_4_instance_2503,10.19,13.44,13.14,11.49
train_1200_4_instance_2562,2.7,2.61,2.4,2.87
train_1200_4_instance_2578,38.38,37.63,34.84,36.57
train_1200_4_instance_2582,25.46,25.0,27.77,22.08
train_1200_4_instance_2583,6.73,9.39,8.3,7.27
train_1200_4_instance_2595,25.3,25.97,24.99,23.43
train_1200_4_instance_2624,1.65,1.88,1.13,1.68
train_1200_4_instance_2631,1.54,2.12,2.39,1.56
train_1200_4_instance_2681,32.76,32.19,29.29,32.32
train_1200_4_instance_2704,8.7,13.06,12.23,8.79
train_1200_4_instance_2749,22.5,22.59,24.91,22.4
train_1200_4_instance_2760,14.56,15.8,14.2,14.71
train_1200_4_instance_2921,32.9,26.03,28.32,30.85
train_1200_4_instance_293,14.59,16.89,12.45,13.35
train_1200_4_instance_2951,31.27,30.56,28.97,30.37
train_1200_4_instance_3011,44.45,62.3,94.48,41.59
train_1200_4_instance_3023,11.67,11.14,12.48,11.77
train_1200_4_instance_3062,9.03,13.72,14.15,9.12
train_1200_4_instance_3180,57.96,46.52,50.55,58.46
train_1200_4_instance_3191,7.3,6.16,7.08,7.79
train_1200_4_instance_3208,64.65,63.66,70.3,66.06
train_1200_4_instance_3234,22.28,26.7,23.64,22.1
train_1200_4_instance_3239,33.8,30.79,31.0,32.48
train_1200_4_instance_3295,1.8,1.83,2.5,1.81
train_1200_4_instance_3299,6.48,5.05,3.85,6.33
train_1200_4_instance_3326,1.76,1.38,1.19,1.82
train_1200_4_instance_3357,2.61,3.95,3.23,2.68
train_1200_4_instance_3387,4.66,3.58,2.92,4.75
train_1200_4_instance_3413,3.54,3.48,2.65,3.94
train_1200_4_instance_3421,6.25,8.19,5.55,6.36
train_1200_4_instance_3440,4.45,7.21,4.11,4.56
train_1200_4_instance_3446,10.64,10.31,10.74,10.21
train_1200_4_instance_3463,16.72,15.47,19.43,16.61
train_1200_4_instance_3470,4.44,5.36,5.7,5.06
train_1200_4_instance_3529,14.01,16.9,12.25,14.29
train_1200_4_instance_3532,8.21,7.64,4.86,8.01
train_1200_4_instance_3546,7.91,6.59,6.94,7.91
train_1200_4_instance_374,10.97,8.0,10.64,11.52
train_1200_4_instance_3798,35.01,31.22,31.29,29.31
train_1200_4_instance_3845,7.41,6.63,6.62,7.62
train_1200_4_instance_3847,25.2,26.76,29.6,23.41
train_1200_4_instance_3920,19.55,20.25,17.09,19.36
train_1200_4_instance_409,17.14,18.25,13.84,15.67
train_1200_4_instance_429,7.45,6.04,5.01,8.21
train_1200_4_instance_454,11.97,11.78,10.4,12.13
train_1200_4_instance_484,37.86,39.24,39.16,36.78
train_1200_4_instance_553,21.85,20.81,23.07,23.3
train_1200_4_instance_662,9.36,11.78,10.05,9.84
train_1200_4_instance_702,3.36,3.98,3.05,3.4
train_1200_4_instance_712,27.2,27.97,25.66,27.64
train_1200_4_instance_737,32.58,32.69,30.64,33.44
train_1200_4_instance_751,3.27,2.74,2.57,4.03
train_1200_4_instance_892,31.5,36.97,33.26,31.39
train_1200_4_instance_899,27.93,28.39,23.75,28.53
train_1200_4_instance_9,3.67,4.17,2.71,4.21
train_1200_4_instance_966,20.49,19.85,23.89,20.29
train_150_16_instance_1035,1.14,1.28,1.16,1.14
train_150_16_instance_1041,0.83,0.75,0.89,1.08
train_150_16_instance_1042,1.85,1.42,1.93,1.83
train_150_16_instance_1070,2.0,1.53,1.39,1.91
train_150_16_instance_1097,2.93,2.51,2.39,2.84
train_150_16_instance_1134,1.11,0.87,0.81,0.98
train_150_16_instance_1143,0.99,1.31,1.2,0.98
train_150_16_instance_1172,1.83,1.47,1.93,2.09
train_150_16_instance_1177,1.24,0.92,1.05,1.17
train_150_16_instance_1212,2.4,1.68,2.42,2.2
train_150_16_instance_1275,1.46,1.2,2.24,1.48
train_150_16_instance_1345,1.52,1.29,1.8,1.53
train_150_16_instance_1350,2.13,1.62,1.94,2.21
train_150_16_instance_1379,1.24,0.95,0.99,1.23
train_150_16_instance_1416,0.74,0.75,0.68,0.88
train_150_16_instance_1467,1.03,1.13,0.9,1.05
train_150_16_instance_1477,2.04,2.68,2.62,2.11
train_150_16_instance_1489,1.04,0.85,1.01,1.04
train_150_16_instance_1546,1.09,1.01,1.06,1.1
train_150_16_instance_1566,1.9,1.72,1.86,2.03
train_150_16_instance_157,1.77,1.92,1.14,1.75
train_150_16_instance_1594,3.03,1.93,2.77,2.74
train_150_16_instance_1616,2.17,1.88,2.36,2.2
train_150_16_instance_1633,0.88,0.89,0.96,0.91
train_150_16_instance_1636,0.99,1.01,1.02,0.98
train_150_16_instance_1654,1.88,1.44,2.06,2.05
train_150_16_instance_1671,2.16,2.37,1.4,1.97
train_150_16_instance_1677,1.3,1.05,1.33,1.19
train_150_16_instance_168,1.23,1.04,1.38,1.25
train_150_16_instance_1680,1.49,1.44,1.19,1.54
train_150_16_instance_174,1.09,0.98,1.07,1.07
train_150_16_instance_1842,1.95,1.24,1.18,1.85
train_150_16_instance_1871,1.51,1.27,1.32,1.69
train_150_16_instance_1876,0.87,0.82,0.88,0.9
train_150_16_instance_1983,1.66,1.76,1.63,1.77
train_150_16_instance_2007,1.71,1.27,1.65,1.73
train_150_16_instance_2057,2.47,2.77,2.09,2.35
train_150_16_instance_2063,2.07,1.25,1.49,2.0
train_150_16_instance_2128,1.76,1.74,2.54,1.85
train_150_16_instance_2163,1.17,0.98,1.29,1.36
train_150_16_instance_217,1.44,1.04,0.95,1.47
train_150_16_instance_2207,1.04,0.8,1.06,1.17
train_150_16_instance_2229,2.12,1.34,2.35,2.09
train_150_16_instance_2242,0.66,0.73,0.67,0.74
train_150_16_instance_2267,1.36,1.5,1.25,1.34
train_150_16_instance_2299,2.25,1.59,2.28,2.56
train_150_16_instance_2327,1.09,0.84,0.94,1.07
train_150_16_instance_2459,3.35,2.06,2.75,3.34
train_150_16_instance_2462,4.05,1.94,2.09,4.0
train_150_16_instance_247,2.84,1.3,1.32,2.84
train_150_16_instance_2517,1.74,1.39,1.19,1.71
train_150_16_instance_2560,0.91,0.93,0.88,0.88
train_150_16_instance_2574,1.3,1.07,1.36,1.34
train_150_16_instance_2604,1.42,1.41,1.63,1.37
train_150_16_instance_267,1.27,1.18,1.14,1.35
train_150_16_instance_2753,0.57,0.56,0.51,0.58
train_150_16_instance_2755,0.9,0.94,0.91,0.91
train_150_16_instance_2816,1.2,1.65,1.38,1.15
train_150_16_instance_2829,1.69,1.5,1.56,1.48
train_150_16_instance_2839,1.46,1.05,1.08,1.32
train_150_16_instance_2845,1.65,1.17,1.57,1.52
train_150_16_instance_2853,1.19,1.1,1.37,1.33
train_150_16_instance_289,2.1,2.07,2.0,2.04
train_150_16_instance_2901,1.24,1.33,1.44,1.35
train_150_16_instance_2912,2.61,1.98,1.86,2.7
train_150_16_instance_2916,1.81,1.58,1.9,1.76
train_150_16_instance_3018,1.31,1.05,1.2,1.36
train_150_16_instance_3039,0.99,1.01,0.98,1.06
train_150_16_instance_3041,1.08,0.99,0.95,1.12
train_150_16_instance_3049,1.66,1.87,1.61,1.78
train_150_16_instance_3053,1.65,1.33,1.5,1.65
train_150_16_instance_3095,3.11,2.34,2.56,3.35
train_150_16_instance_3229,1.4,1.34,1.36,1.4
train_150_16_instance_3230,1.64,1.25,1.29,1.6
train_150_16_instance_3245,1.39,1.18,1.44,1.34
train_150_16_instance_3251,1.12,0.84,0.77,1.14
train_150_16_instance_3327,0.85,0.77,0.72,0.77
train_150_16_instance_3340,0.96,1.09,0.87,0.98
train_150_16_instance_3408,2.35,1.55,3.08,2.32
train_150_16_instance_3428,1.01,1.02,1.35,1.16
train_150_16_instance_3455,1.04,0.95,1.23,1.03
train_150_16_instance_3496,2.92,2.54,2.46,2.83
train_150_16_instance_3510,2.13,1.28,1.75,2.12
train_150_16_instance_3565,2.77,2.13,1.93,2.73
train_150_16_instance_3586,0.96,1.12,0.96,1.0
train_150_16_instance_3625,1.12,0.84,1.0,0.91
train_150_16_instance_3660,1.44,1.27,1.6,1.52
train_150_16_instance_3690,1.91,1.38,2.11,1.85
train_150_16_instance_3738,1.22,1.15,1.46,1.33
train_150_16_instance_3793,1.02,1.05,0.98,1.01
train_150_16_instance_3825,1.41,1.2,1.2,1.4
train_150_16_instance_3902,1.04,0.93,0.91,1.08
train_150_16_instance_3915,1.58,1.05,1.56,1.61
train_150_16_instance_399,2.74,2.07,3.01,2.6
train_150_16_instance_408,1.55,1.47,1.45,1.55
train_150_16_instance_41,1.24,0.89,1.08,1.19
train_150_16_instance_428,1.17,1.22,1.2,1.17
train_150_16_instance_503,2.03,1.66,2.78,2.15
train_150_16_instance_556,2.43,1.53,1.86,2.23
train_150_16_instance_588,1.12,0.93,1.04,1.14
train_150_16_instance_591,1.13,1.1,0.95,1.07
train_150_16_instance_632,1.05,0.88,0.98,1.21
train_150_16_instance_639,1.95,1.25,1.9,1.87
train_150_16_instance_77,0.72,0.65,0.44,0.82
train_150_16_instance_776,3.09,1.43,2.1,2.97
train_150_16_instance_787,1.11,1.02,0.85,0.92
train_150_16_instance_790,2.45,1.86,3.13,2.42
train_150_16_instance_792,1.76,1.7,2.31,1.82
train_150_16_instance_817,1.11,1.54,1.09,1.08
train_150_16_instance_881,1.37,1.15,1.01,1.34
train_150_16_instance_92,2.53,1.8,1.89,2.51
train_150_16_instance_940,2.22,1.88,1.77,2.07
train_150_2_instance_1088,0.0,0.0,0.0,0.0
train_150_2_instance_1444,0.0,0.0,0.0,0.0
train_150_2_instance_1656,0.01,0.01,0.01,0.01
train_150_2_instance_1735,0.0,0.0,0.0,0.0
train_150_2_instance_1832,0.0,0.0,0.0,0.0
train_150_2_instance_2082,0.01,0.01,0.01,0.02
train_150_2_instance_2657,0.01,0.01,0.01,0.01
train_150_2_instance_2771,0.02,0.02,0.01,0.02
train_150_2_instance_312,0.01,0.01,0.01,0.01
train_150_2_instance_3174,0.02,0.02,0.02,0.02
train_150_2_instance_3756,0.01,0.01,0.01,0.01
train_150_32_instance_1054,0.13,0.12,0.13,0.13
train_150_32_instance_1091,0.14,0.15,0.13,0.14
train_150_32_instance_1118,0.19,0.19,0.19,0.19
train_150_32_instance_1154,0.17,0.18,0.18,0.16
train_150_32_instance_1206,0.19,0.18,0.17,0.17
train_150_32_instance_1230,0.19,0.19,0.19,0.18
train_150_32_instance_1241,0.15,0.14,0.13,0.14
train_150_32_instance_1271,0.24,0.23,0.24,0.24
train_150_32_instance_128,0.14,0.14,0.14,0.13
train_150_32_instance_1282,0.11,0.12,0.12,0.12
train_150_32_instance_1314,0.12,0.12,0.11,0.12
train_150_32_instance_1416,0.19,0.19,0.19,0.19
train_150_32_instance_1439,0.14,0.14,0.13,0.14
train_150_32_instance_1573,0.22,0.21,0.22,0.22
train_150_32_instance_1587,0.13,0.14,0.13,0.14
train_150_32_instance_165,0.11,0.12,0.12,0.12
train_150_32_instance_1665,0.18,0.19,0.19,0.19
train_150_32_instance_1722,0.12,0.12,0.12,0.11
train_150_32_instance_1779,0.16,0.19,0.19,0.17
train_150_32_instance_1802,0.12,0.12,0.12,0.11
train_150_32_instance_187,0.19,0.18,0.17,0.19
train_150_32_instance_188,0.15,0.15,0.15,0.15
train_150_32_instance_1945,0.13,0.13,0.13,0.13
train_150_32_instance_1981,0.14,0.15,0.15,0.15
train_150_32_instance_199,0.1,0.1,0.1,0.1
train_150_32_instance_2005,0.16,0.14,0.16,0.16
train_150_32_instance_2048,0.11,0.13,0.12,0.11
train_150_32_instance_205,0.12,0.12,0.13,0.13
train_150_32_instance_2165,0.22,0.21,0.19,0.21
train_150_32_instance_2181,0.18,0.17,0.2,0.17
train_150_32_instance_2185,0.15,0.15,0.16,0.15
train_150_32_instance_2228,0.16,0.16,0.17,0.16
train_150_32_instance_2229,0.1,0.14,0.14,0.14
train_150_32_instance_2263,0.19,0.21,0.23,0.19
train_150_32_instance_2288,0.12,0.1,0.13,0.13
train_150_32_instance_2391,0.19,0.16,0.17,0.18
train_150_32_instance_2454,0.2,0.17,0.18,0.19
train_150_32_instance_2474,0.12,0.12,0.12,0.12
train_150_32_instance_2482,0.12,0.12,0.12,0.11
train_150_32_instance_2545,0.13,0.14,0.13,0.14
train_150_32_instance_2576,0.13,0.12,0.12,0.12
train_150_32_instance_2615,0.14,0.14,0.14,0.14
train_150_32_instance_2623,0.15,0.15,0.15,0.16
train_150_32_instance_2640,0.13,0.13,0.13,0.14
train_150_32_instance_2643,0.15,0.16,0.16,0.16
train_150_32_instance_2653,0.17,0.17,0.16,0.17
train_150_32_instance_2718,0.23,0.19,0.23,0.22
train_150_32_instance_2767,0.16,0.16,0.2,0.18
train_150_32_instance_2786,0.13,0.13,0.12,0.13
train_150_32_instance_279,0.19,0.16,0.19,0.19
train_150_32_instance_2851,0.17,0.16,0.17,0.17
train_150_32_instance_2863,0.12,0.12,0.11,0.12
train_150_32_instance_2888,0.12,0.12,0.12,0.13
train_150_32_instance_2985,0.21,0.22,0.22,0.22
train_150_32_instance_3053,0.13,0.13,0.12,0.14
train_150_32_instance_3096,0.16,0.15,0.17,0.19
train_150_32_instance_3115,0.13,0.14,0.14,0.14
train_150_32_instance_3127,0.24,0.25,0.21,0.21
train_150_32_instance_315,0.19,0.19,0.19,0.19
train_150_32_instance_3155,0.12,0.12,0.12,0.12
train_150_32_instance_3159,0.18,0.19,0.2,0.19
train_150_32_instance_321,0.18,0.18,0.18,0.16
train_150_32_instance_3218,0.18,0.18,0.18,0.18
train_150_32_instance_3221,0.19,0.19,0.2,0.2
train_150_32_instance_3244,0.2,0.2,0.17,0.19
train_150_32_instance_3263,0.13,0.12,0.12,0.12
train_150_32_instance_3266,0.17,0.17,0.18,0.18
train_150_32_instance_3283,0.13,0.12,0.13,0.13
train_150_32_instance_3300,0.13,0.14,0.13,0.12
train_150_32_instance_3335,0.21,0.22,0.22,0.22
train_150_32_instance_3374,0.13,0.11,0.11,0.12
train_150_32_instance_3412,0.16,0.17,0.17,0.17
train_150_32_instance_3422,0.12,0.13,0.13,0.12
train_150_32_instance_3499,0.12,0.12,0.12,0.12
train_150_32_instance_3520,0.15,0.17,0.17,0.17
train_150_32_instance_3613,0.2,0.2,0.19,0.2
train_150_32_instance_3621,0.14,0.13,0.12,0.13
train_150_32_instance_367,0.2,0.19,0.2,0.19
train_150_32_instance_3671,0.11,0.11,0.11,0.11
train_150_32_instance_3691,0.13,0.11,0.13,0.12
train_150_32_instance_3752,0.19,0.19,0.19,0.19
train_150_32_instance_3770,0.18,0.21,0.21,0.19
train_150_32_instance_3786,0.15,0.14,0.14,0.14
train_150_32_instance_382,0.13,0.13,0.12,0.13
train_150_32_instance_3839,0.13,0.12,0.13,0.11
train_150_32_instance_3851,0.1,0.1,0.1,0.1
train_150_32_instance_3883,0.17,0.17,0.18,0.17
train_150_32_instance_3927,0.13,0.13,0.13,0.14
train_150_32_instance_3940,0.21,0.22,0.22,0.19
train_150_32_instance_3999,0.13,0.12,0.12,0.12
train_150_32_instance_495,0.18,0.18,0.18,0.18
train_150_32_instance_532,0.11,0.12,0.12,0.12
train_150_32_instance_541,0.2,0.18,0.19,0.16
train_150_32_instance_549,0.19,0.19,0.19,0.19
train_150_32_instance_556,0.18,0.18,0.19,0.17
train_150_32_instance_627,0.13,0.13,0.13,0.13
train_150_32_instance_65,0.15,0.19,0.17,0.17
train_150_32_instance_652,0.18,0.17,0.17,0.18
train_150_32_instance_712,0.15,0.16,0.16,0.15
train_150_32_instance_719,0.12,0.12,0.12,0.12
train_150_32_instance_743,0.2,0.21,0.2,0.19
train_150_32_instance_801,0.17,0.17,0.15,0.16
train_150_32_instance_878,0.12,0.12,0.13,0.12
train_150_32_instance_886,0.21,0.2,0.22,0.2
train_150_32_instance_936,0.13,0.13,0.13,0.13
train_150_32_instance_97,0.14,0.14,0.14,0.1
train_150_32_instance_980,0.18,0.19,0.19,0.18
train_150_32_instance_985,0.17,0.17,0.17,0.18
train_150_4_instance_1018,0.03,0.03,0.03,0.03
train_150_4_instance_1038,0.11,0.11,0.11,0.12
train_150_4_instance_1059,0.1,0.11,0.11,0.11
train_150_4_instance_1078,0.04,0.04,0.03,0.04
train_150_4_instance_1121,0.08,0.09,0.09,0.08
train_150_4_instance_1158,0.07,0.07,0.07,0.06
train_150_4_instance_1182,0.03,0.03,0.03,0.03
train_150_4_instance_1249,0.15,0.13,0.16,0.13
train_150_4_instance_1260,0.08,0.07,0.08,0.08
train_150_4_instance_1269,0.06,0.07,0.07,0.08
train_150_4_instance_127,0.12,0.19,0.13,0.13
train_150_4_instance_1283,0.03,0.03,0.02,0.03
train_150_4_instance_1287,0.03,0.03,0.03,0.03
train_150_4_instance_1316,0.1,0.1,0.09,0.1
train_150_4_instance_1371,0.08,0.07,0.1,0.08
train_150_4_instance_1437,0.08,0.09,0.09,0.09
train_150_4_instance_1480,0.12,0.11,0.11,0.13
train_150_4_instance_1493,0.09,0.08,0.08,0.08
train_150_4_instance_1494,0.09,0.09,0.08,0.09
train_150_4_instance_1497,0.06,0.09,0.09,0.09
train_150_4_instance_1502,0.13,0.13,0.11,0.13
train_150_4_instance_1556,0.1,0.08,0.1,0.1
train_150_4_instance_1575,0.1,0.1,0.07,0.09
train_150_4_instance_1622,0.09,0.1,0.1,0.11
train_150_4_instance_164,0.03,0.03,0.03,0.03
train_150_4_instance_1653,0.08,0.08,0.08,0.07
train_150_4_instance_1704,0.28,0.22,0.21,0.24
train_150_4_instance_1713,0.12,0.1,0.09,0.11
train_150_4_instance_1877,0.07,0.07,0.07,0.08
train_150_4_instance_1923,0.07,0.07,0.07,0.06
train_150_4_instance_1996,0.11,0.1,0.09,0.11
train_150_4_instance_2061,0.1,0.1,0.09,0.1
train_150_4_instance_2191,0.03,0.02,0.03,0.03
train_150_4_instance_2196,0.08,0.08,0.08,0.06
train_150_4_instance_2312,0.07,0.08,0.09,0.09
train_150_4_instance_2358,0.07,0.07,0.06,0.07
train_150_4_instance_2450,0.17,0.15,0.08,0.13
train_150_4_instance_2483,0.09,0.09,0.09,0.09
train_150_4_instance_249,0.08,0.07,0.09,0.07
train_150_4_instance_2521,0.11,0.14,0.12,0.12
train_150_4_instance_2558,0.13,0.13,0.13,0.12
train_150_4_instance_257,0.07,0.07,0.06,0.07
train_150_4_instance_2570,0.14,0.17,0.15,0.13
train_150_4_instance_2603,0.09,0.08,0.1,0.09
train_150_4_instance_2633,0.08,0.09,0.09,0.09
train_150_4_instance_2690,0.03,0.03,0.03,0.03
train_150_4_instance_2731,0.04,0.03,0.03,0.03
train_150_4_instance_2742,0.1,0.11,0.1,0.1
train_150_4_instance_2758,0.13,0.12,0.11,0.13
train_150_4_instance_2772,0.08,0.08,0.06,0.09
train_150_4_instance_2793,0.07,0.07,0.08,0.07
train_150_4_instance_280,0.07,0.06,0.07,0.07
train_150_4_instance_2840,0.14,0.14,0.14,0.14
train_150_4_instance_2898,0.08,0.07,0.09,0.08
train_150_4_instance_2932,0.13,0.12,0.13,0.13
train_150_4_instance_2933,0.11,0.09,0.12,0.11
train_150_4_instance_2956,0.07,0.07,0.07,0.08
train_150_4_instance_2973,0.1,0.1,0.09,0.11
train_150_4_instance_2978,0.14,0.14,0.15,0.13
train_150_4_instance_3003,0.1,0.1,0.09,0.1
train_150_4_instance_3040,0.03,0.03,0.03,0.03
train_150_4_instance_3054,0.09,0.09,0.09,0.09
train_150_4_instance_3059,0.17,0.15,0.16,0.18
train_150_4_instance_3087,0.04,0.04,0.04,0.04
train_150_4_instance_3127,0.08,0.09,0.05,0.08
train_150_4_instance_3154,0.03,0.03,0.03,0.03
train_150_4_instance_3186,0.08,0.08,0.09,0.08
train_150_4_instance_3214,0.1,0.11,0.13,0.11
train_150_4_instance_324,0.09,0.09,0.11,0.08
train_150_4_instance_3252,0.1,0.08,0.1,0.09
train_150_4_instance_3284,0.08,0.09,0.09,0.1
train_150_4_instance_3378,0.03,0.03,0.03,0.03
train_150_4_instance_3462,0.04,0.05,0.04,0.04
train_150_4_instance_3495,0.13,0.12,0.14,0.14
train_150_4_instance_3497,0.03,0.03,0.03,0.03
train_150_4_instance_3545,0.16,0.14,0.13,0.16
train_150_4_instance_3556,0.12,0.13,0.11,0.13
train_150_4_instance_3561,0.03,0.03,0.03,0.03
train_150_4_instance_3583,0.14,0.14,0.12,0.14
train_150_4_instance_3614,0.07,0.07,0.08,0.08
train_150_4_instance_3684,0.08,0.09,0.08,0.07
train_150_4_instance_3695,0.03,0.03,0.03,0.03
train_150_4_instance_3718,0.03,0.03,0.03,0.03
train_150_4_instance_3778,0.03,0.03,0.03,0.03
train_150_4_instance_3781,0.1,0.11,0.11,0.1
train_150_4_instance_3807,0.17,0.13,0.14,0.14
train_150_4_instance_3812,0.08,0.07,0.06,0.07
train_150_4_instance_383,0.09,0.1,0.09,0.1
train_150_4_instance_3859,0.08,0.09,0.08,0.09
train_150_4_instance_3900,0.15,0.17,0.12,0.16
train_150_4_instance_40,0.12,0.14,0.13,0.12
train_150_4_instance_447,0.08,0.08,0.08,0.08
train_150_4_instance_463,0.09,0.1,0.08,0.08
train_150_4_instance_520,0.1,0.11,0.09,0.1
train_150_4_instance_621,0.03,0.03,0.03,0.04
train_150_4_instance_67,0.08,0.08,0.07,0.07
train_150_4_instance_673,0.08,0.09,0.09,0.09
train_150_4_instance_706,0.11,0.1,0.1,0.1
train_150_4_instance_782,0.07,0.06,0.06,0.07
train_150_4_instance_82,0.04,0.03,0.03,0.03
train_150_4_instance_828,0.11,0.11,0.11,0.11
train_150_4_instance_829,0.07,0.07,0.07,0.08
train_150_4_instance_889,0.11,0.11,0.1,0.11
train_150_4_instance_896,0.07,0.07,0.07,0.07
train_150_4_instance_935,0.13,0.14,0.13,0.12
train_150_4_instance_975,0.07,0.07,0.07,0.07
train_150_64_instance_10,0.12,0.11,0.12,0.13
train_150_64_instance_1019,0.15,0.14,0.14,0.14
train_150_64_instance_1020,0.09,0.09,0.1,0.1
train_150_64_instance_1069,0.11,0.12,0.11,0.13
train_150_64_instance_1081,0.11,0.1,0.1,0.08
train_150_64_instance_1141,0.12,0.12,0.12,0.12
train_150_64_instance_1145,0.12,0.12,0.12,0.12
train_150_64_instance_1196,0.15,0.14,0.14,0.14
train_150_64_instance_1244,0.13,0.12,0.12,0.12
train_150_64_instance_1278,0.14,0.14,0.14,0.13
train_150_64_instance_1329,0.12,0.13,0.11,0.13
train_150_64_instance_1354,0.15,0.13,0.14,0.14
train_150_64_instance_1441,0.16,0.16,0.16,0.16
train_150_64_instance_1467,0.14,0.15,0.14,0.14
train_150_64_instance_1504,0.16,0.14,0.14,0.14
train_150_64_instance_1524,0.14,0.14,0.15,0.14
train_150_64_instance_1585,0.12,0.12,0.09,0.12
train_150_64_instance_1696,0.12,0.12,0.11,0.12
train_150_64_instance_1739,0.12,0.13,0.13,0.13
train_150_64_instance_1767,0.12,0.12,0.11,0.12
train_150_64_instance_1817,0.14,0.13,0.15,0.15
train_150_64_instance_1819,0.11,0.11,0.12,0.12
train_150_64_instance_1822,0.09,0.12,0.12,0.12
train_150_64_instance_1832,0.14,0.15,0.14,0.11
train_150_64_instance_1860,0.15,0.14,0.16,0.16
train_150_64_instance_1861,0.13,0.16,0.14,0.14
train_150_64_instance_1880,0.12,0.12,0.12,0.13
train_150_64_instance_1987,0.12,0.11,0.12,0.11
train_150_64_instance_1988,0.12,0.12,0.12,0.12
train_150_64_instance_2007,0.12,0.13,0.12,0.13
train_150_64_instance_2032,0.15,0.15,0.15,0.14
train_150_64_instance_2060,0.14,0.15,0.14,0.15
train_150_64_instance_2140,0.11,0.13,0.12,0.12
train_150_64_instance_2149,0.15,0.13,0.14,0.14
train_150_64_instance_2223,0.12,0.13,0.13,0.13
train_150_64_instance_2254,0.15,0.15,0.16,0.14
train_150_64_instance_2334,0.1,0.1,0.1,0.1
train_150_64_instance_2392,0.13,0.12,0.12,0.12
train_150_64_instance_2418,0.13,0.12,0.14,0.14
train_150_64_instance_2427,0.11,0.12,0.12,0.13
train_150_64_instance_2432,0.11,0.09,0.11,0.1
train_150_64_instance_2440,0.12,0.12,0.12,0.13
train_150_64_instance_2455,0.14,0.14,0.14,0.13
train_150_64_instance_2471,0.14,0.14,0.14,0.13
train_150_64_instance_2482,0.14,0.14,0.15,0.14
train_150_64_instance_2517,0.15,0.15,0.15,0.16
train_150_64_instance_2686,0.14,0.13,0.13,0.14
train_150_64_instance_2702,0.12,0.11,0.11,0.11
train_150_64_instance_2771,0.18,0.17,0.17,0.16
train_150_64_instance_2772,0.15,0.15,0.14,0.15
train_150_64_instance_2777,0.12,0.14,0.13,0.13
train_150_64_instance_2794,0.09,0.14,0.14,0.14
train_150_64_instance_2871,0.15,0.1,0.11,0.14
train_150_64_instance_2884,0.14,0.14,0.14,0.15
train_150_64_instance_2998,0.14,0.15,0.16,0.15
train_150_64_instance_3061,0.12,0.13,0.11,0.11
train_150_64_instance_3080,0.12,0.13,0.12,0.13
train_150_64_instance_3146,0.12,0.13,0.13,0.13
train_150_64_instance_3212,0.14,0.13,0.13,0.15
train_150_64_instance_3233,0.13,0.13,0.13,0.14
train_150_64_instance_3240,0.12,0.13,0.12,0.13
train_150_64_instance_3261,0.14,0.14,0.14,0.14
train_150_64_instance_3272,0.12,0.11,0.12,0.11
train_150_64_instance_328,0.12,0.12,0.11,0.12
train_150_64_instance_3344,0.14,0.15,0.14,0.14
train_150_64_instance_3345,0.12,0.12,0.11,0.13
train_150_64_instance_340,0.14,0.16,0.16,0.16
train_150_64_instance_3404,0.08,0.1,0.1,0.1
train_150_64_instance_3443,0.12,0.11,0.13,0.12
train_150_64_instance_3532,0.14,0.11,0.13,0.11
train_150_64_instance_3536,0.14,0.14,0.14,0.14
train_150_64_instance_3565,0.11,0.12,0.12,0.12
train_150_64_instance_3647,0.14,0.13,0.12,0.13
train_150_64_instance_3692,0.13,0.12,0.12,0.12
train_150_64_instance_37,0.13,0.13,0.12,0.14
train_150_64_instance_3719,0.14,0.13,0.14,0.14
train_150_64_instance_3799,0.13,0.13,0.12,0.12
train_150_64_instance_3802,0.12,0.12,0.12,0.12
train_150_64_instance_3819,0.12,0.13,0.13,0.09
train_150_64_instance_3892,0.14,0.14,0.15,0.15
train_150_64_instance_3923,0.15,0.15,0.15,0.15
train_150_64_instance_3943,0.12,0.12,0.12,0.12
train_150_64_instance_477,0.12,0.11,0.12,0.12
train_150_64_instance_522,0.12,0.11,0.11,0.12
train_150_64_instance_53,0.16,0.16,0.15,0.16
train_150_64_instance_585,0.1,0.09,0.11,0.1
train_150_64_instance_590,0.14,0.15,0.15,0.15
train_150_64_instance_639,0.15,0.14,0.15,0.15
train_150_64_instance_709,0.12,0.13,0.13,0.12
train_150_64_instance_71,0.16,0.14,0.14,0.13
train_150_64_instance_787,0.12,0.12,0.12,0.11
train_150_64_instance_853,0.12,0.12,0.12,0.12
train_150_64_instance_859,0.16,0.16,0.15,0.16
train_150_64_instance_9,0.12,0.12,0.12,0.12
train_150_64_instance_900,0.11,0.12,0.11,0.13
train_150_64_instance_928,0.12,0.11,0.12,0.11
train_150_64_instance_973,0.14,0.15,0.14,0.13
train_150_64_instance_984,0.16,0.16,0.16,0.15
train_150_8_instance_1030,0.46,0.49,0.49,0.45
train_150_8_instance_1053,0.68,0.49,0.6,0.68
train_150_8_instance_1078,0.32,0.3,0.27,0.33
train_150_8_instance_1091,0.68,0.56,0.82,0.63
train_150_8_instance_1119,0.44,0.53,0.32,0.47
train_150_8_instance_1148,0.67,0.61,0.6,0.56
train_150_8_instance_1149,0.98,0.74,0.76,0.77
train_150_8_instance_1181,0.68,0.67,0.59,0.68
train_150_8_instance_1194,0.3,0.29,0.24,0.31
train_150_8_instance_1250,0.61,0.64,0.55,0.62
train_150_8_instance_1258,0.66,0.42,0.38,0.5
train_150_8_instance_1310,0.37,0.31,0.27,0.31
train_150_8_instance_1355,0.88,0.55,0.76,0.87
train_150_8_instance_1401,0.37,0.36,0.3,0.37
train_150_8_instance_1411,0.39,0.39,0.35,0.38
train_150_8_instance_1448,0.32,0.45,0.27,0.4
train_150_8_instance_1523,0.43,0.39,0.35,0.47
train_150_8_instance_1525,0.61,0.61,0.62,0.61
train_150_8_instance_1576,0.45,0.49,0.44,0.48
train_150_8_instance_1606,0.41,0.36,0.29,0.41
train_150_8_instance_1607,0.63,0.45,0.52,0.57
train_150_8_instance_1635,0.32,0.31,0.29,0.31
train_150_8_instance_1657,0.43,0.52,0.37,0.54
train_150_8_instance_1679,0.5,0.44,0.4,0.4
train_150_8_instance_1791,0.65,0.57,0.65,0.64
train_150_8_instance_1796,0.33,0.42,0.49,0.32
train_150_8_instance_1813,0.39,0.39,0.32,0.42
train_150_8_instance_1899,0.47,0.41,0.37,0.59
train_150_8_instance_1902,0.64,0.46,0.32,0.62
train_150_8_instance_1965,0.3,0.36,0.35,0.26
train_150_8_instance_208,0.35,0.34,0.26,0.35
train_150_8_instance_2120,0.63,0.61,0.43,0.62
train_150_8_instance_2121,0.48,0.49,0.51,0.47
train_150_8_instance_2162,0.75,0.57,0.76,0.75
train_150_8_instance_2169,0.54,0.41,0.41,0.77
train_150_8_instance_2213,0.29,0.29,0.2,0.29
train_150_8_instance_2222,0.42,0.38,0.32,0.48
train_150_8_instance_2243,0.47,0.42,0.37,0.46
train_150_8_instance_2286,0.63,0.64,0.53,0.56
train_150_8_instance_2303,0.36,0.44,0.44,0.43
train_150_8_instance_2346,0.37,0.42,0.35,0.47
train_150_8_instance_2359,0.33,0.34,0.41,0.37
train_150_8_instance_2386,0.53,0.37,0.33,0.43
train_150_8_instance_2397,0.34,0.36,0.29,0.44
train_150_8_instance_2432,0.42,0.5,0.34,0.43
train_150_8_instance_2473,0.42,0.41,0.42,0.39
train_150_8_instance_2483,0.58,0.44,0.54,0.57
train_150_8_instance_2485,0.5,0.43,0.4,0.39
train_150_8_instance_2498,0.61,0.68,0.45,0.53
train_150_8_instance_2571,0.33,0.25,0.31,0.4
train_150_8_instance_2581,0.56,0.43,0.43,0.58
train_150_8_instance_2587,0.43,0.35,0.33,0.41
train_150_8_instance_2627,0.68,0.55,0.51,0.67
train_150_8_instance_2633,0.53,0.45,0.37,0.43
train_150_8_instance_2712,0.37,0.34,0.33,0.37
train_150_8_instance_2759,0.47,0.42,0.36,0.36
train_150_8_instance_276,0.39,0.32,0.21,0.29
train_150_8_instance_2793,0.61,0.61,0.64,0.68
train_150_8_instance_2813,0.46,0.35,0.34,0.35
train_150_8_instance_2818,0.6,0.58,0.53,0.65
train_150_8_instance_2825,0.6,0.43,0.43,0.73
train_150_8_instance_2844,0.36,0.35,0.26,0.36
train_150_8_instance_2852,0.37,0.28,0.26,0.39
train_150_8_instance_2900,0.29,0.34,0.21,0.29
train_150_8_instance_2956,0.44,0.47,0.44,0.44
train_150_8_instance_3046,0.53,0.45,0.4,0.54
train_150_8_instance_3066,0.47,0.34,0.29,0.62
train_150_8_instance_312,0.42,0.29,0.29,0.4
train_150_8_instance_3179,0.2,0.18,0.16,0.18
train_150_8_instance_3195,0.38,0.39,0.33,0.45
train_150_8_instance_3212,0.46,0.36,0.29,0.46
train_150_8_instance_3219,0.5,0.46,0.42,0.47
train_150_8_instance_3236,0.74,0.56,0.85,0.74
train_150_8_instance_3280,0.51,0.37,0.35,0.46
train_150_8_instance_3283,0.36,0.36,0.33,0.36
train_150_8_instance_3358,0.28,0.4,0.26,0.35
train_150_8_instance_3425,0.46,0.4,0.35,0.48
train_150_8_instance_3428,0.4,0.45,0.34,0.39
train_150_8_instance_3444,0.67,0.66,0.83,0.8
train_150_8_instance_3492,0.59,0.57,0.5,0.58
train_150_8_instance_3513,0.7,0.56,0.56,0.72
train_150_8_instance_3527,0.38,0.31,0.31,0.37
train_150_8_instance_3578,0.66,0.52,0.5,0.57
train_150_8_instance_3643,0.25,0.32,0.31,0.29
train_150_8_instance_3652,0.71,0.54,0.65,0.69
train_150_8_instance_3654,0.46,0.37,0.51,0.48
train_150_8_instance_3672,0.38,0.51,0.32,0.41
train_150_8_instance_3717,0.38,0.43,0.28,0.34
train_150_8_instance_3763,0.46,0.37,0.35,0.48
train_150_8_instance_3795,0.35,0.26,0.3,0.27
train_150_8_instance_3802,0.93,0.97,0.94,1.1
train_150_8_instance_3803,0.47,0.46,0.38,0.57
train_150_8_instance_3815,0.52,0.56,0.49,0.52
train_150_8_instance_3829,0.39,0.46,0.37,0.49
train_150_8_instance_3887,0.63,0.53,0.49,0.62
train_150_8_instance_3903,0.37,0.39,0.33,0.45
train_150_8_instance_3967,0.37,0.35,0.32,0.37
train_150_8_instance_3973,0.41,0.24,0.24,0.3
train_150_8_instance_453,0.74,0.61,0.57,0.67
train_150_8_instance_455,0.32,0.38,0.32,0.42
train_150_8_instance_509,0.35,0.38,0.42,0.36
train_150_8_instance_528,0.59,0.64,0.51,0.74
train_150_8_instance_530,0.41,0.43,0.34,0.39
train_150_8_instance_541,0.62,0.5,0.5,0.54
train_150_8_instance_554,0.51,0.46,0.42,0.51
train_150_8_instance_679,0.5,0.48,0.33,0.51
train_150_8_instance_680,0.47,0.52,0.32,0.52
train_150_8_instance_681,0.48,0.56,0.43,0.49
train_150_8_instance_692,0.36,0.39,0.36,0.43
train_150_8_instance_697,0.34,0.47,0.36,0.44
train_150_8_instance_700,0.56,0.47,0.52,0.49
train_150_8_instance_705,0.43,0.46,0.34,0.5
train_150_8_instance_757,0.38,0.35,0.33,0.36
train_150_8_instance_799,0.38,0.41,0.29,0.34
train_150_8_instance_816,0.23,0.32,0.25,0.24
train_150_8_instance_820,0.49,0.38,0.38,0.63
train_150_8_instance_833,0.49,0.47,0.55,0.47
train_150_8_instance_88,0.5,0.37,0.34,0.47
train_150_8_instance_894,0.34,0.44,0.34,0.31
train_150_8_instance_946,0.68,0.59,0.61,0.55
train_150_8_instance_996,0.44,0.3,0.26,0.35
train_2400_2_instance_1337,0.0,0.0,0.0,0.0
train_2400_2_instance_2029,0.0,0.0,0.0,0.0
train_2400_2_instance_2648,0.01,0.01,0.01,0.01
train_2400_2_instance_2856,0.0,0.0,0.0,0.0
train_2400_2_instance_3286,0.0,0.0,0.0,0.0
train_2400_2_instance_684,0.0,0.0,0.0,0.0
train_2400_2_instance_800,0.0,0.0,0.0,0.0
train_2400_2_instance_994,0.0,0.0,0.0,0.0
train_2400_4_instance_1697,345.68,423.92,479.6,367.09
train_2400_4_instance_1729,48.34,51.23,61.88,45.86
train_2400_4_instance_2076,320.14,314.63,313.29,327.18
train_2400_4_instance_2481,462.58,635.78,558.46,546.22
train_2400_4_instance_3113,305.16,271.86,407.69,300.56
train_2400_4_instance_313,128.7,172.55,213.13,129.46
train_2400_4_instance_3668,680.79,720.0,703.4,720.0
train_2400_4_instance_418,57.18,51.04,71.49,56.1
train_2400_4_instance_969,48.03,35.9,41.22,48.71
train_300_16_instance_1,627.25,644.0,720.0,554.32
train_300_16_instance_1006,484.25,419.12,430.79,494.94
train_300_16_instance_1048,197.73,161.85,206.47,217.61
train_300_16_instance_1076,322.33,316.79,293.7,316.15
train_300_16_instance_1092,302.54,380.48,301.7,274.86
train_300_16_instance_1108,620.6,557.59,517.49,559.32
train_300_16_instance_1113,438.74,652.66,556.77,474.58
train_300_16_instance_1170,365.08,423.55,418.45,355.69
train_300_16_instance_1253,720.0,720.0,694.86,720.0
train_300_16_instance_1259,671.08,720.0,608.33,663.17
train_300_16_instance_1294,461.17,463.23,404.01,431.35
train_300_16_instance_1430,357.04,323.72,324.25,375.33
train_300_16_instance_1453,365.52,440.66,447.82,345.95
train_300_16_instance_1557,339.58,437.13,364.39,329.72
train_300_16_instance_1582,189.3,217.31,283.71,215.66
train_300_16_instance_1665,720.0,720.0,720.0,720.0
train_300_16_instance_1812,118.12,121.77,127.34,119.64
train_300_16_instance_1820,325.41,347.97,332.93,303.83
train_300_16_instance_1839,176.93,170.64,154.56,180.51
train_300_16_instance_196,238.81,359.34,233.56,246.12
train_300_16_instance_2017,244.14,304.79,233.87,241.07
train_300_16_instance_2019,307.98,339.39,293.27,327.91
train_300_16_instance_21,424.61,429.52,450.18,437.94
train_300_16_instance_2146,541.05,588.91,486.27,488.02
train_300_16_instance_2254,482.84,479.22,440.36,559.16
train_300_16_instance_2348,75.55,73.69,79.3,65.62
train_300_16_instance_2410,113.16,99.14,98.67,104.07
train_300_16_instance_2511,720.0,720.0,720.0,545.98
train_300_16_instance_2673,503.17,524.26,502.59,489.23
train_300_16_instance_2703,720.0,720.0,628.8,720.0
train_300_16_instance_2718,435.29,479.32,417.73,447.76
train_300_16_instance_2764,351.77,296.48,381.27,338.66
train_300_16_instance_2772,387.61,455.09,454.15,401.66
train_300_16_instance_2776,619.64,572.23,475.15,610.33
train_300_16_instance_2850,212.38,198.05,204.65,175.99
train_300_16_instance_2924,222.82,294.95,205.57,234.18
train_300_16_instance_2959,336.17,365.76,446.51,403.64
train_300_16_instance_2963,659.5,720.0,682.67,632.7
train_300_16_instance_2966,400.87,379.77,388.09,407.37
train_300_16_instance_2983,298.14,272.32,330.35,301.0
train_300_16_instance_2992,432.44,448.63,386.49,390.99
train_300_16_instance_3023,720.0,720.0,720.0,720.0
train_300_16_instance_3036,720.0,720.0,720.0,664.37
train_300_16_instance_3154,312.43,346.51,376.29,287.78
train_300_16_instance_3203,720.0,720.0,710.05,720.0
train_300_16_instance_3204,690.29,720.0,703.97,720.0
train_300_16_instance_3288,112.46,84.84,132.43,119.82
train_300_16_instance_3324,305.33,275.7,375.84,340.15
train_300_16_instance_3344,394.45,384.34,504.65,476.43
train_300_16_instance_3471,362.99,385.98,402.54,385.56
train_300_16_instance_3483,646.47,603.08,707.77,553.28
train_300_16_instance_3585,203.9,317.59,266.19,198.1
train_300_16_instance_3612,313.01,292.55,285.5,276.28
train_300_16_instance_3690,245.33,198.05,202.14,231.97
train_300_16_instance_3704,133.36,101.02,135.05,118.29
train_300_16_instance_3748,282.8,269.98,327.92,281.55
train_300_16_instance_3817,239.4,265.22,292.73,216.92
train_300_16_instance_3833,162.71,183.28,210.69,173.71
train_300_16_instance_3903,459.93,424.35,356.02,485.1
train_300_16_instance_3929,418.74,327.19,280.41,408.2
train_300_16_instance_430,421.15,515.17,391.75,379.28
train_300_16_instance_490,185.59,144.7,184.41,173.62
train_300_16_instance_498,230.6,190.2,233.74,236.8
train_300_16_instance_560,683.69,720.0,602.08,693.26
train_300_16_instance_562,720.0,720.0,693.99,720.0
train_300_16_instance_63,483.87,476.92,357.76,532.46
train_300_16_instance_672,701.36,593.47,720.0,686.18
train_300_16_instance_680,353.95,310.07,368.38,254.79
train_300_16_instance_729,297.18,310.26,313.79,343.25
train_300_16_instance_771,567.24,604.79,621.91,561.6
train_300_16_instance_814,261.61,258.82,298.88,239.31
train_300_16_instance_87,206.96,166.06,185.0,208.82
train_300_16_instance_871,208.9,208.79,258.85,227.28
train_300_16_instance_931,335.61,341.64,308.99,316.22
train_300_16_instance_940,288.37,316.77,354.12,267.4
train_300_16_instance_973,436.22,483.31,343.64,416.52
train_300_2_instance_1011,0.01,0.01,0.01,0.01
train_300_2_instance_1019,0.01,0.01,0.01,0.01
train_300_2_instance_1553,0.0,0.0,0.0,0.0
train_300_2_instance_1801,0.01,0.01,0.01,0.01
train_300_2_instance_2391,0.01,0.01,0.01,0.01
train_300_2_instance_2677,0.01,0.01,0.01,0.01
train_300_2_instance_2759,0.0,0.0,0.0,0.0
train_300_2_instance_2998,0.01,0.01,0.01,0.01
train_300_2_instance_3681,0.0,0.0,0.0,0.0
train_300_2_instance_768,0.01,0.01,0.01,0.02
train_300_32_instance_1152,720.0,701.92,720.0,720.0
train_300_32_instance_1404,720.0,698.5,710.02,720.0
train_300_32_instance_1844,715.15,624.9,720.0,720.0
train_300_32_instance_634,659.74,584.76,582.56,685.65
train_300_4_instance_1049,0.28,0.26,0.21,0.3
train_300_4_instance_106,0.07,0.05,0.05,0.05
train_300_4_instance_1172,0.6,0.5,0.45,0.47
train_300_4_instance_1191,0.06,0.06,0.05,0.05
train_300_4_instance_1193,0.14,0.15,0.15,0.15
train_300_4_instance_1210,0.21,0.16,0.16,0.21
train_300_4_instance_1256,0.34,0.35,0.27,0.35
train_300_4_instance_1267,0.18,0.21,0.21,0.19
train_300_4_instance_1311,0.2,0.18,0.17,0.2
train_300_4_instance_1372,0.19,0.17,0.17,0.19
train_300_4_instance_1443,0.22,0.48,0.27,0.23
train_300_4_instance_1453,0.2,0.18,0.17,0.17
train_300_4_instance_1523,0.28,0.26,0.27,0.28
train_300_4_instance_1574,0.11,0.12,0.11,0.11
train_300_4_instance_1634,0.11,0.11,0.11,0.13
train_300_4_instance_1647,0.28,0.36,0.28,0.3
train_300_4_instance_1675,0.15,0.18,0.2,0.15
train_300_4_instance_1698,0.15,0.14,0.16,0.15
train_300_4_instance_1704,0.1,0.1,0.1,0.09
train_300_4_instance_1739,0.26,0.33,0.21,0.26
train_300_4_instance_1750,0.19,0.15,0.18,0.17
train_300_4_instance_1803,0.1,0.09,0.09,0.1
train_300_4_instance_1821,0.14,0.17,0.16,0.14
train_300_4_instance_1846,0.15,0.14,0.13,0.16
train_300_4_instance_185,0.33,0.35,0.23,0.35
train_300_4_instance_1883,0.13,0.12,0.12,0.14
train_300_4_instance_1907,0.16,0.14,0.17,0.16
train_300_4_instance_195,0.04,0.04,0.05,0.04
train_300_4_instance_199,0.21,0.18,0.22,0.19
train_300_4_instance_1994,0.14,0.18,0.15,0.15
train_300_4_instance_2008,0.09,0.1,0.1,0.1
train_300_4_instance_2154,0.28,0.27,0.23,0.28
train_300_4_instance_2193,0.15,0.14,0.14,0.14
train_300_4_instance_2247,0.1,0.12,0.13,0.11
train_300_4_instance_2269,0.19,0.21,0.18,0.18
train_300_4_instance_2340,0.17,0.14,0.14,0.14
train_300_4_instance_2422,0.21,0.28,0.22,0.21
train_300_4_instance_2495,0.58,0.49,0.5,0.49
train_300_4_instance_2538,0.18,0.17,0.16,0.15
train_300_4_instance_2545,0.29,0.36,0.24,0.29
train_300_4_instance_2596,0.11,0.08,0.1,0.09
train_300_4_instance_266,0.16,0.18,0.18,0.2
train_300_4_instance_2735,0.13,0.12,0.13,0.11
train_300_4_instance_2788,0.05,0.06,0.04,0.05
train_300_4_instance_2908,0.15,0.14,0.13,0.14
train_300_4_instance_2924,0.09,0.12,0.11,0.09
train_300_4_instance_3014,0.42,0.37,0.35,0.4
train_300_4_instance_3029,0.1,0.13,0.12,0.12
train_300_4_instance_3056,0.36,0.43,0.42,0.33
train_300_4_instance_306,0.46,0.45,0.42,0.46
train_300_4_instance_3062,0.2,0.24,0.19,0.2
train_300_4_instance_3134,0.05,0.05,0.05,0.05
train_300_4_instance_3151,0.13,0.14,0.12,0.13
train_300_4_instance_3204,0.13,0.12,0.12,0.11
train_300_4_instance_3262,0.45,0.47,0.26,0.44
train_300_4_instance_3298,0.39,0.51,0.36,0.39
train_300_4_instance_330,0.35,0.27,0.25,0.33
train_300_4_instance_3339,0.18,0.17,0.16,0.16
train_300_4_instance_3459,0.13,0.13,0.12,0.13
train_300_4_instance_3527,0.35,0.32,0.37,0.34
train_300_4_instance_3559,0.12,0.12,0.12,0.12
train_300_4_instance_3562,0.21,0.23,0.21,0.22
train_300_4_instance_3572,0.15,0.14,0.14,0.15
train_300_4_instance_3604,0.26,0.24,0.27,0.28
train_300_4_instance_364,0.23,0.29,0.22,0.27
train_300_4_instance_3646,0.05,0.05,0.05,0.05
train_300_4_instance_3722,0.07,0.07,0.07,0.07
train_300_4_instance_3749,0.17,0.17,0.18,0.18
train_300_4_instance_375,0.16,0.18,0.18,0.15
train_300_4_instance_3751,0.21,0.17,0.14,0.19
train_300_4_instance_3753,0.11,0.1,0.12,0.11
train_300_4_instance_376,0.48,0.29,0.35,0.4
train_300_4_instance_3771,0.13,0.14,0.14,0.12
train_300_4_instance_3893,0.1,0.1,0.1,0.1
train_300_4_instance_517,0.14,0.19,0.16,0.19
train_300_4_instance_520,0.1,0.1,0.1,0.09
train_300_4_instance_542,0.29,0.32,0.26,0.27
train_300_4_instance_546,0.18,0.18,0.18,0.23
train_300_4_instance_570,0.05,0.05,0.05,0.04
train_300_4_instance_596,0.23,0.21,0.22,0.25
train_300_4_instance_597,0.19,0.19,0.18,0.24
train_300_4_instance_629,0.19,0.17,0.2,0.2
train_300_4_instance_647,0.06,0.05,0.05,0.05
train_300_4_instance_649,0.29,0.2,0.29,0.32
train_300_4_instance_651,0.34,0.45,0.25,0.29
train_300_4_instance_670,0.11,0.1,0.1,0.1
train_300_4_instance_677,0.17,0.15,0.14,0.16
train_300_4_instance_684,0.05,0.05,0.05,0.06
train_300_4_instance_698,0.14,0.13,0.13,0.14
train_300_4_instance_767,0.24,0.29,0.25,0.22
train_300_4_instance_794,0.39,0.39,0.37,0.39
train_300_4_instance_797,0.11,0.12,0.11,0.11
train_300_4_instance_84,0.06,0.05,0.06,0.05
train_300_4_instance_91,0.12,0.12,0.13,0.12
train_300_4_instance_954,0.19,0.2,0.21,0.18
train_300_64_instance_1001,0.34,0.31,0.31,0.35
train_300_64_instance_1082,0.3,0.29,0.33,0.3
train_300_64_instance_110,0.29,0.3,0.3,0.3
train_300_64_instance_1140,0.35,0.36,0.35,0.35
train_300_64_instance_1165,0.3,0.32,0.3,0.3
train_300_64_instance_1177,0.32,0.27,0.27,0.28
train_300_64_instance_1266,0.33,0.3,0.25,0.26
train_300_64_instance_1332,0.3,0.3,0.29,0.33
train_300_64_instance_1337,0.33,0.33,0.29,0.32
train_300_64_instance_1352,0.29,0.3,0.31,0.31
train_300_64_instance_1431,0.37,0.34,0.28,0.29
train_300_64_instance_1551,0.3,0.33,0.29,0.33
train_300_64_instance_1564,0.32,0.27,0.29,0.35
train_300_64_instance_1602,0.28,0.31,0.26,0.29
train_300_64_instance_1684,0.29,0.26,0.25,0.24
train_300_64_instance_1800,0.3,0.29,0.31,0.25
train_300_64_instance_1874,0.27,0.28,0.28,0.29
train_300_64_instance_1915,0.24,0.25,0.25,0.28
train_300_64_instance_1956,0.33,0.3,0.32,0.31
train_300_64_instance_1981,0.32,0.25,0.24,0.28
train_300_64_instance_1991,0.26,0.3,0.33,0.3
train_300_64_instance_2059,0.3,0.25,0.26,0.28
train_300_64_instance_2068,0.32,0.34,0.34,0.3
train_300_64_instance_2123,0.29,0.33,0.32,0.31
train_300_64_instance_2181,0.29,0.3,0.27,0.3
train_300_64_instance_2240,0.28,0.3,0.3,0.29
train_300_64_instance_2410,0.28,0.26,0.29,0.26
train_300_64_instance_2416,0.36,0.32,0.3,0.34
train_300_64_instance_2497,0.33,0.33,0.34,0.26
train_300_64_instance_2578,0.31,0.3,0.33,0.32
train_300_64_instance_2695,0.26,0.27,0.26,0.3
train_300_64_instance_2724,0.27,0.27,0.3,0.27
train_300_64_instance_2725,0.28,0.29,0.29,0.33
train_300_64_instance_2727,0.3,0.33,0.33,0.32
train_300_64_instance_2762,0.29,0.29,0.33,0.33
train_300_64_instance_2776,0.32,0.32,0.29,0.31
train_300_64_instance_2781,0.32,0.32,0.32,0.31
train_300_64_instance_2788,0.33,0.29,0.3,0.29
train_300_64_instance_2791,0.25,0.26,0.26,0.26
train_300_64_instance_2803,0.28,0.29,0.3,0.3
train_300_64_instance_2814,0.31,0.3,0.31,0.33
train_300_64_instance_2983,0.31,0.28,0.32,0.31
train_300_64_instance_2999,0.27,0.25,0.23,0.3
train_300_64_instance_3002,0.32,0.28,0.31,0.26
train_300_64_instance_3048,0.34,0.37,0.35,0.33
train_300_64_instance_3128,0.33,0.34,0.28,0.3
train_300_64_instance_3147,0.29,0.36,0.32,0.3
train_300_64_instance_3210,0.31,0.27,0.3,0.3
train_300_64_instance_3228,0.28,0.26,0.27,0.27
train_300_64_instance_3231,0.3,0.3,0.25,0.28
train_300_64_instance_3420,0.33,0.3,0.29,0.3
train_300_64_instance_3449,0.34,0.31,0.27,0.26
train_300_64_instance_3473,0.3,0.26,0.29,0.25
train_300_64_instance_3504,0.29,0.31,0.34,0.25
train_300_64_instance_3526,0.3,0.24,0.3,0.3
train_300_64_instance_3538,0.33,0.36,0.33,0.29
train_300_64_instance_355,0.32,0.3,0.32,0.31
train_300_64_instance_3563,0.39,0.34,0.31,0.32
train_300_64_instance_3565,0.3,0.3,0.34,0.32
train_300_64_instance_3567,0.26,0.29,0.29,0.3
train_300_64_instance_358,0.29,0.27,0.29,0.31
train_300_64_instance_3582,0.29,0.29,0.29,0.29
train_300_64_instance_3675,0.35,0.28,0.33,0.26
train_300_64_instance_3698,0.31,0.31,0.3,0.3
train_300_64_instance_3734,0.32,0.32,0.28,0.28
train_300_64_instance_3833,0.27,0.29,0.24,0.26
train_300_64_instance_3840,0.33,0.29,0.3,0.34
train_300_64_instance_3867,0.34,0.36,0.33,0.32
train_300_64_instance_3869,0.35,0.32,0.34,0.34
train_300_64_instance_3923,0.27,0.35,0.33,0.29
train_300_64_instance_3946,0.28,0.32,0.34,0.34
train_300_64_instance_3960,0.3,0.27,0.28,0.24
train_300_64_instance_462,0.3,0.26,0.24,0.23
train_300_64_instance_512,0.34,0.34,0.3,0.31
train_300_64_instance_513,0.31,0.27,0.32,0.32
train_300_64_instance_534,0.27,0.29,0.28,0.27
train_300_64_instance_592,0.32,0.32,0.3,0.32
train_300_64_instance_605,0.28,0.28,0.32,0.32
train_300_64_instance_63,0.3,0.3,0.29,0.29
train_300_64_instance_661,0.25,0.28,0.31,0.29
train_300_64_instance_695,0.29,0.31,0.28,0.29
train_300_64_instance_717,0.24,0.27,0.28,0.25
train_300_64_instance_721,0.25,0.28,0.26,0.27
train_300_64_instance_760,0.35,0.37,0.3,0.37
train_300_64_instance_782,0.3,0.29,0.31,0.32
train_300_64_instance_783,0.24,0.29,0.31,0.31
train_300_64_instance_789,0.28,0.3,0.27,0.27
train_300_64_instance_800,0.32,0.34,0.35,0.31
train_300_64_instance_856,0.27,0.29,0.27,0.28
train_300_64_instance_886,0.3,0.24,0.25,0.27
train_300_64_instance_889,0.27,0.24,0.29,0.25
train_300_64_instance_910,0.26,0.26,0.26,0.29
train_300_64_instance_913,0.26,0.29,0.29,0.29
train_300_8_instance_1168,10.97,8.21,9.05,10.21
train_300_8_instance_1257,8.71,6.75,6.79,8.47
train_300_8_instance_1325,7.39,6.57,7.4,7.25
train_300_8_instance_1398,8.14,6.72,6.57,8.38
train_300_8_instance_1484,3.19,3.0,4.1,3.14
train_300_8_instance_1606,11.28,9.7,9.9,11.47
train_300_8_instance_1620,10.68,9.24,10.56,10.06
train_300_8_instance_1623,33.0,30.35,42.13,31.09
train_300_8_instance_1649,9.17,7.18,7.08,9.5
train_300_8_instance_1721,6.23,5.61,7.93,5.99
train_300_8_instance_1774,7.47,5.64,6.25,7.64
train_300_8_instance_1788,15.15,12.42,15.61,14.47
train_300_8_instance_1899,14.22,12.92,12.96,13.93
train_300_8_instance_1915,4.24,4.26,4.84,4.0
train_300_8_instance_1938,10.49,9.29,10.65,10.21
train_300_8_instance_1949,19.87,21.68,28.13,20.6
train_300_8_instance_1954,21.67,16.31,18.82,21.45
train_300_8_instance_1996,14.97,15.89,14.9,15.06
train_300_8_instance_208,5.09,3.9,4.24,5.07
train_300_8_instance_2100,13.99,9.38,11.25,13.93
train_300_8_instance_2103,4.01,3.9,5.07,4.09
train_300_8_instance_2137,10.63,11.57,13.3,10.57
train_300_8_instance_2192,8.9,7.53,7.61,8.95
train_300_8_instance_2205,14.96,15.74,15.71,14.38
train_300_8_instance_2230,6.08,5.4,4.91,6.29
train_300_8_instance_2252,8.52,8.38,10.47,8.49
train_300_8_instance_2276,9.64,8.65,12.94,9.9
train_300_8_instance_2442,5.73,5.4,4.54,5.46
train_300_8_instance_2494,8.6,7.88,8.06,8.62
train_300_8_instance_2502,10.52,6.82,8.55,10.31
train_300_8_instance_2530,5.46,4.63,6.27,5.54
train_300_8_instance_2567,3.79,3.23,4.56,3.8
train_300_8_instance_2600,5.71,4.75,3.92,5.85
train_300_8_instance_2626,11.91,10.91,13.67,12.09
train_300_8_instance_2631,29.09,24.01,34.36,26.98
train_300_8_instance_275,9.27,7.28,9.01,8.82
train_300_8_instance_2753,13.69,12.67,13.84,13.58
train_300_8_instance_2813,7.75,5.41,6.87,7.69
train_300_8_instance_282,17.93,14.99,18.19,17.77
train_300_8_instance_2885,12.34,9.46,12.75,11.26
train_300_8_instance_2904,57.28,43.49,50.28,57.04
train_300_8_instance_2983,6.23,5.47,6.1,6.41
train_300_8_instance_307,10.87,7.79,10.73,10.79
train_300_8_instance_3085,14.32,12.61,12.7,13.81
train_300_8_instance_3174,7.21,4.74,5.95,7.46
train_300_8_instance_3179,31.64,28.56,28.99,31.82
train_300_8_instance_3202,16.88,15.9,17.15,15.54
train_300_8_instance_3272,8.63,7.94,8.45,8.79
train_300_8_instance_3274,8.29,5.84,8.22,7.81
train_300_8_instance_3386,6.11,6.0,6.75,5.91
train_300_8_instance_3396,15.1,12.67,12.42,13.85
train_300_8_instance_341,12.16,9.87,10.49,11.94
train_300_8_instance_3439,8.57,9.55,9.28,8.24
train_300_8_instance_3459,15.92,13.94,20.15,15.33
train_300_8_instance_3537,5.77,5.44,5.81,5.86
train_300_8_instance_3538,8.42,6.31,8.43,8.38
train_300_8_instance_3626,25.38,21.19,26.28,23.59
train_300_8_instance_3638,3.27,3.43,4.03,3.31
train_300_8_instance_3738,15.61,13.51,15.12,14.77
train_300_8_instance_3742,5.33,3.08,6.1,5.49
train_300_8_instance_3790,16.04,14.53,17.88,15.84
train_300_8_instance_3863,14.12,11.34,12.15,13.89
train_300_8_instance_3906,6.93,6.79,8.89,6.95
train_300_8_instance_3953,5.46,4.53,5.22,5.41
train_300_8_instance_3973,10.91,9.3,9.69,10.49
train_300_8_instance_3997,8.95,6.72,8.64,8.79
train_300_8_instance_457,12.55,10.81,12.45,12.39
train_300_8_instance_469,9.9,8.04,9.59,9.9
train_300_8_instance_552,5.58,5.0,4.73,5.48
train_300_8_instance_588,14.64,15.82,15.1,13.13
train_300_8_instance_591,2.25,2.49,2.76,2.36
train_300_8_instance_609,17.14,12.82,13.04,16.95
train_300_8_instance_654,9.11,6.26,6.91,9.22
train_300_8_instance_75,4.67,3.93,3.58,4.66
train_300_8_instance_789,6.65,5.94,6.99,6.23
train_300_8_instance_801,12.41,12.91,13.12,11.97
train_300_8_instance_842,7.41,7.03,7.59,7.55
train_300_8_instance_851,12.22,9.82,10.18,11.6
train_300_8_instance_927,7.51,6.42,7.08,7.5
train_300_8_instance_93,8.03,6.86,7.68,7.84
train_300_8_instance_957,16.6,12.17,14.84,16.33
train_300_8_instance_963,30.83,22.25,27.53,29.42
train_300_8_instance_98,9.0,8.05,8.0,8.72
train_4800_2_instance_132,0.01,0.01,0.01,0.01
train_4800_2_instance_1642,0.0,0.0,0.0,0.0
train_4800_2_instance_3414,0.01,0.01,0.01,0.01
train_4800_2_instance_3860,0.01,0.01,0.01,0.01
train_4800_2_instance_768,0.02,0.01,0.02,0.01
train_600_2_instance_1308,0.0,0.0,0.0,0.0
train_600_2_instance_1341,0.02,0.01,0.02,0.02
train_600_2_instance_1743,0.0,0.0,0.0,0.0
train_600_2_instance_1816,0.01,0.01,0.01,0.02
train_600_2_instance_2204,0.0,0.0,0.0,0.0
train_600_2_instance_2749,0.01,0.01,0.01,0.01
train_600_2_instance_3187,0.0,0.0,0.0,0.0
train_600_2_instance_347,0.02,0.02,0.02,0.02
train_600_2_instance_3548,0.01,0.01,0.02,0.01
train_600_2_instance_783,0.0,0.0,0.0,0.0
train_600_4_instance_1044,0.38,0.39,0.33,0.32
train_600_4_instance_1131,1.36,1.53,1.35,1.32
train_600_4_instance_1232,2.13,1.57,1.24,1.95
train_600_4_instance_1271,1.71,1.48,1.4,1.76
train_600_4_instance_1358,0.5,0.46,0.48,0.44
train_600_4_instance_1452,1.44,2.25,1.58,1.58
train_600_4_instance_1477,0.6,0.67,0.57,0.6
train_600_4_instance_149,0.4,0.22,0.31,0.4
train_600_4_instance_1491,0.83,0.45,0.43,0.65
train_600_4_instance_1584,0.78,0.82,0.66,0.76
train_600_4_instance_1618,0.59,0.96,0.53,0.62
train_600_4_instance_162,0.75,0.85,0.76,0.81
train_600_4_instance_164,0.24,0.23,0.23,0.24
train_600_4_instance_1654,1.1,0.93,0.95,1.11
train_600_4_instance_1745,0.45,0.71,0.44,0.43
train_600_4_instance_181,0.51,0.45,0.69,0.5
train_600_4_instance_1820,0.54,0.56,0.55,0.65
train_600_4_instance_1821,1.1,0.99,0.94,1.1
train_600_4_instance_183,0.71,0.7,0.51,0.83
train_600_4_instance_1878,0.53,0.58,0.45,0.55
train_600_4_instance_1941,0.61,0.77,0.7,0.55
train_600_4_instance_1990,2.14,1.88,1.72,2.08
train_600_4_instance_2139,0.6,0.63,0.55,0.71
train_600_4_instance_2156,1.57,1.26,0.94,1.53
train_600_4_instance_2188,0.61,0.66,0.63,0.55
train_600_4_instance_226,0.61,0.66,0.53,0.63
train_600_4_instance_2260,0.94,1.36,1.21,0.93
train_600_4_instance_2362,1.63,1.91,1.68,1.62
train_600_4_instance_2390,0.89,1.04,0.8,0.77
train_600_4_instance_2419,1.12,1.28,1.1,1.21
train_600_4_instance_2467,0.2,0.19,0.18,0.16
train_600_4_instance_2489,0.16,0.16,0.18,0.18
train_600_4_instance_2507,0.97,0.85,0.61,0.82
train_600_4_instance_2520,0.93,0.97,0.77,0.89
train_600_4_instance_2536,0.47,0.43,0.37,0.4
train_600_4_instance_2542,1.82,1.74,1.33,1.89
train_600_4_instance_2550,0.31,0.25,0.28,0.25
train_600_4_instance_2653,0.7,1.49,0.67,0.66
train_600_4_instance_2669,0.84,1.05,0.85,0.75
train_600_4_instance_2707,0.38,0.47,0.35,0.39
train_600_4_instance_276,1.28,1.0,1.16,1.15
train_600_4_instance_2765,0.48,0.48,0.41,0.58
train_600_4_instance_2784,1.83,2.01,1.63,1.63
train_600_4_instance_2787,1.25,1.53,1.18,1.23
train_600_4_instance_2803,0.2,0.18,0.19,0.19
train_600_4_instance_2844,0.54,0.44,0.38,0.54
train_600_4_instance_2896,2.94,2.1,1.88,2.79
train_600_4_instance_2984,1.86,2.05,2.3,1.85
train_600_4_instance_3,0.67,0.63,0.54,0.77
train_600_4_instance_3081,1.02,1.43,0.96,1.29
train_600_4_instance_3095,0.25,0.22,0.21,0.22
train_600_4_instance_3176,1.52,1.36,1.74,1.65
train_600_4_instance_318,0.89,0.72,0.67,0.89
train_600_4_instance_3259,0.5,0.42,0.47,0.54
train_600_4_instance_326,0.42,0.33,0.4,0.38
train_600_4_instance_3272,0.92,1.05,0.9,0.9
train_600_4_instance_3306,0.71,0.74,0.64,0.61
train_600_4_instance_3324,0.4,0.42,0.53,0.52
train_600_4_instance_3386,0.62,0.42,0.37,0.5
train_600_4_instance_3411,0.65,0.64,0.54,0.8
train_600_4_instance_3528,0.95,1.05,0.94,0.94
train_600_4_instance_360,0.31,0.38,0.3,0.28
train_600_4_instance_3660,0.21,0.21,0.21,0.22
train_600_4_instance_3674,0.29,0.29,0.32,0.3
train_600_4_instance_3695,0.67,0.33,0.39,0.52
train_600_4_instance_3708,0.58,0.52,0.43,0.6
train_600_4_instance_3711,3.36,3.78,2.43,3.09
train_600_4_instance_3749,0.67,0.73,0.52,0.69
train_600_4_instance_3795,2.24,2.09,1.81,2.0
train_600_4_instance_380,1.12,1.2,0.97,1.18
train_600_4_instance_3853,0.66,0.7,0.85,0.85
train_600_4_instance_3878,0.82,0.98,0.67,0.7
train_600_4_instance_39,0.27,0.26,0.27,0.24
train_600_4_instance_3915,1.63,1.16,1.11,1.65
train_600_4_instance_3922,1.13,0.78,1.13,1.16
train_600_4_instance_3998,0.52,0.58,0.5,0.59
train_600_4_instance_443,1.92,1.15,1.09,2.14
train_600_4_instance_457,1.67,1.39,1.59,1.63
train_600_4_instance_558,1.22,1.21,0.95,1.28
train_600_4_instance_648,0.24,0.22,0.2,0.23
train_600_4_instance_673,0.71,0.6,0.42,0.75
train_600_4_instance_732,1.38,1.33,1.54,1.29
train_600_4_instance_744,1.74,1.49,1.39,1.7
train_600_4_instance_768,1.04,0.81,0.83,1.06
train_600_4_instance_8,0.65,0.6,0.47,0.57
train_600_4_instance_87,0.26,0.35,0.26,0.28
train_600_4_instance_880,0.79,0.88,0.83,0.77
train_600_4_instance_890,0.53,0.63,0.58,0.53
train_600_4_instance_96,0.63,0.73,0.54,0.63
train_600_8_instance_2206,643.75,720.0,626.66,702.59
valid_1200_4_instance_226,1.19,1.33,1.03,1.2
valid_1200_4_instance_234,19.51,15.67,22.2,19.54
valid_1200_4_instance_313,73.4,64.43,68.7,80.63
valid_1200_4_instance_447,37.38,32.87,33.24,35.1
valid_1200_4_instance_487,22.98,25.42,27.82,23.17
valid_1200_4_instance_49,76.94,77.61,78.49,73.03
valid_1200_4_instance_545,27.2,24.6,32.73,28.18
valid_1200_4_instance_568,19.63,21.61,18.01,20.03
valid_1200_4_instance_677,13.76,12.57,9.42,13.79
valid_1200_4_instance_698,6.72,5.47,6.11,6.78
valid_1200_4_instance_769,6.27,5.49,5.39,6.64
valid_1200_4_instance_859,6.75,4.54,4.86,7.51
valid_1200_4_instance_889,4.67,2.78,3.13,4.41
valid_1200_4_instance_893,14.23,13.74,21.78,14.1
valid_1200_4_instance_950,8.16,5.9,9.26,8.13
valid_1200_4_instance_985,27.91,25.6,28.14,26.83
valid_150_16_instance_157,0.89,0.87,0.86,0.81
valid_150_16_instance_190,1.1,1.34,0.99,1.16
valid_150_16_instance_232,2.09,1.42,1.14,2.14
valid_150_16_instance_256,2.68,1.72,1.8,2.46
valid_150_16_instance_306,2.67,2.29,2.43,2.64
valid_150_16_instance_339,1.73,1.84,1.64,1.76
valid_150_16_instance_369,1.83,1.64,2.2,1.87
valid_150_16_instance_370,1.37,1.48,1.33,1.51
valid_150_16_instance_436,0.88,0.98,1.09,0.87
valid_150_16_instance_451,0.95,1.04,0.73,1.11
valid_150_16_instance_484,0.98,1.09,0.81,1.23
valid_150_16_instance_523,1.12,1.18,0.92,0.99
valid_150_16_instance_6,0.96,1.05,0.95,0.95
valid_150_16_instance_608,1.17,0.83,0.99,0.94
valid_150_16_instance_685,2.53,1.9,1.91,2.62
valid_150_16_instance_711,1.61,1.3,1.11,1.48
valid_150_16_instance_73,2.84,2.35,2.05,2.8
valid_150_16_instance_817,1.32,1.01,1.05,1.28
valid_150_16_instance_819,1.28,1.59,1.37,1.4
valid_150_16_instance_865,1.3,1.34,1.35,1.31
valid_150_2_instance_101,0.0,0.0,0.0,0.0
valid_150_2_instance_394,0.02,0.02,0.01,0.02
valid_150_2_instance_631,0.0,0.0,0.0,0.0
valid_150_2_instance_876,0.01,0.01,0.01,0.01
valid_150_32_instance_116,0.18,0.18,0.17,0.18
valid_150_32_instance_118,0.15,0.16,0.16,0.16
valid_150_32_instance_13,0.14,0.13,0.13,0.13
valid_150_32_instance_155,0.11,0.11,0.12,0.12
valid_150_32_instance_201,0.16,0.16,0.17,0.17
valid_150_32_instance_227,0.17,0.18,0.18,0.18
valid_150_32_instance_241,0.13,0.14,0.13,0.13
valid_150_32_instance_274,0.22,0.2,0.22,0.21
valid_150_32_instance_369,0.16,0.17,0.15,0.17
valid_150_32_instance_425,0.13,0.13,0.14,0.14
valid_150_32_instance_464,0.11,0.11,0.11,0.11
valid_150_32_instance_478,0.12,0.13,0.13,0.13
valid_150_32_instance_5,0.16,0.18,0.17,0.14
valid_150_32_instance_516,0.17,0.16,0.15,0.18
valid_150_32_instance_517,0.12,0.12,0.12,0.12
valid_150_32_instance_57,0.18,0.17,0.18,0.18
valid_150_32_instance_586,0.13,0.13,0.13,0.14
valid_150_32_instance_707,0.18,0.18,0.17,0.17
valid_150_32_instance_793,0.18,0.16,0.18,0.16
valid_150_32_instance_864,0.13,0.12,0.12,0.13
valid_150_32_instance_914,0.13,0.14,0.11,0.13
valid_150_32_instance_932,0.15,0.14,0.15,0.14
valid_150_32_instance_936,0.19,0.17,0.19,0.19
valid_150_32_instance_96,0.13,0.14,0.13,0.12
valid_150_32_instance_979,0.18,0.18,0.2,0.18
valid_150_32_instance_98,0.2,0.18,0.22,0.17
valid_150_32_instance_985,0.19,0.21,0.19,0.15
valid_150_32_instance_992,0.19,0.19,0.18,0.19
valid_150_4_instance_11,0.1,0.11,0.1,0.11
valid_150_4_instance_197,0.12,0.12,0.12,0.12
valid_150_4_instance_258,0.03,0.03,0.03,0.03
valid_150_4_instance_318,0.06,0.07,0.07,0.06
valid_150_4_instance_336,0.11,0.1,0.09,0.11
valid_150_4_instance_34,0.09,0.09,0.09,0.09
valid_150_4_instance_386,0.03,0.03,0.03,0.03
valid_150_4_instance_396,0.05,0.05,0.05,0.05
valid_150_4_instance_447,0.15,0.17,0.12,0.16
valid_150_4_instance_487,0.18,0.17,0.15,0.17
valid_150_4_instance_621,0.09,0.09,0.1,0.1
valid_150_4_instance_658,0.06,0.08,0.07,0.08
valid_150_4_instance_667,0.08,0.08,0.08,0.08
valid_150_4_instance_685,0.03,0.03,0.03,0.03
valid_150_4_instance_74,0.12,0.11,0.11,0.13
valid_150_4_instance_750,0.03,0.03,0.03,0.03
valid_150_4_instance_764,0.03,0.03,0.03,0.03
valid_150_4_instance_774,0.08,0.09,0.08,0.09
valid_150_4_instance_871,0.03,0.03,0.03,0.03
valid_150_4_instance_879,0.09,0.09,0.09,0.09
valid_150_4_instance_984,0.11,0.1,0.11,0.12
valid_150_64_instance_134,0.13,0.12,0.13,0.12
valid_150_64_instance_191,0.12,0.12,0.13,0.12
valid_150_64_instance_209,0.12,0.11,0.11,0.12
valid_150_64_instance_248,0.1,0.1,0.1,0.1
valid_150_64_instance_264,0.12,0.12,0.12,0.12
valid_150_64_instance_307,0.14,0.14,0.15,0.14
valid_150_64_instance_379,0.12,0.12,0.11,0.12
valid_150_64_instance_427,0.12,0.11,0.11,0.11
valid_150_64_instance_432,0.14,0.14,0.14,0.14
valid_150_64_instance_436,0.15,0.13,0.15,0.15
valid_150_64_instance_450,0.14,0.14,0.13,0.14
valid_150_64_instance_456,0.13,0.12,0.14,0.14
valid_150_64_instance_547,0.15,0.14,0.15,0.14
valid_150_64_instance_604,0.14,0.14,0.13,0.14
valid_150_64_instance_660,0.15,0.14,0.15,0.15
valid_150_64_instance_696,0.12,0.11,0.12,0.13
valid_150_64_instance_809,0.13,0.12,0.12,0.11
valid_150_64_instance_885,0.12,0.12,0.12,0.12
valid_150_64_instance_896,0.16,0.16,0.16,0.17
valid_150_64_instance_905,0.11,0.12,0.11,0.11
valid_150_64_instance_986,0.12,0.13,0.12,0.12
valid_150_8_instance_164,0.54,0.36,0.25,0.42
valid_150_8_instance_238,0.39,0.31,0.32,0.38
valid_150_8_instance_275,0.41,0.37,0.46,0.37
valid_150_8_instance_30,0.78,0.4,0.49,0.67
valid_150_8_instance_370,0.41,0.39,0.36,0.47
valid_150_8_instance_386,0.8,0.55,0.61,0.66
valid_150_8_instance_418,0.68,0.49,0.43,0.69
valid_150_8_instance_487,0.45,0.37,0.32,0.46
valid_150_8_instance_52,0.35,0.3,0.31,0.34
valid_150_8_instance_573,0.34,0.34,0.28,0.33
valid_150_8_instance_645,0.68,0.61,0.67,0.6
valid_150_8_instance_681,0.61,0.41,0.48,0.59
valid_150_8_instance_683,0.52,0.47,0.53,0.5
valid_150_8_instance_798,0.55,0.55,0.58,0.64
valid_150_8_instance_833,0.49,0.38,0.43,0.63
valid_150_8_instance_948,0.71,0.56,0.66,0.74
valid_150_8_instance_960,0.31,0.31,0.34,0.41
valid_150_8_instance_979,0.33,0.36,0.3,0.28
valid_150_8_instance_985,0.82,0.48,0.59,0.59
valid_2400_4_instance_537,199.91,296.63,216.75,239.52
valid_2400_4_instance_664,444.48,622.27,365.63,470.07
valid_2400_4_instance_847,52.29,47.04,41.28,55.56
valid_300_16_instance_100,366.8,387.17,348.54,229.01
valid_300_16_instance_180,294.12,323.28,257.67,265.53
valid_300_16_instance_191,109.48,133.0,106.39,113.44
valid_300_16_instance_202,371.98,356.12,333.12,384.64
valid_300_16_instance_214,585.42,629.54,661.34,575.31
valid_300_16_instance_22,129.72,113.93,147.24,137.13
valid_300_16_instance_295,94.57,73.75,92.9,93.18
valid_300_16_instance_34,703.07,720.0,718.65,631.68
valid_300_16_instance_373,692.88,720.0,692.24,663.39
valid_300_16_instance_438,403.1,515.05,411.71,428.8
valid_300_16_instance_568,302.3,332.62,249.14,276.69
valid_300_16_instance_584,720.0,720.0,630.21,720.0
valid_300_16_instance_684,720.0,697.53,642.84,720.0
valid_300_16_instance_705,470.06,395.07,411.03,440.15
valid_300_16_instance_720,205.42,227.78,205.72,192.91
valid_300_16_instance_730,124.19,141.88,107.73,125.6
valid_300_16_instance_746,494.56,378.91,506.35,501.03
valid_300_16_instance_758,413.23,431.69,391.05,426.07
valid_300_16_instance_789,598.87,591.15,577.23,553.73
valid_300_16_instance_875,356.92,454.32,321.98,345.7
valid_300_16_instance_889,379.91,391.04,394.42,383.79
valid_300_16_instance_949,258.18,291.45,258.34,281.91
valid_300_32_instance_506,720.0,492.96,651.53,720.0
valid_300_32_instance_762,457.79,258.36,374.47,343.44
valid_300_4_instance_1,0.42,0.59,0.33,0.33
valid_300_4_instance_1000,0.18,0.19,0.19,0.19
valid_300_4_instance_208,0.2,0.22,0.17,0.19
valid_300_4_instance_22,0.27,0.34,0.23,0.28
valid_300_4_instance_343,0.12,0.11,0.12,0.1
valid_300_4_instance_441,0.31,0.24,0.2,0.29
valid_300_4_instance_449,0.18,0.18,0.23,0.18
valid_300_4_instance_455,0.15,0.15,0.16,0.19
valid_300_4_instance_484,0.22,0.22,0.22,0.2
valid_300_4_instance_495,0.11,0.12,0.11,0.12
valid_300_4_instance_503,0.05,0.05,0.05,0.05
valid_300_4_instance_583,0.16,0.16,0.14,0.13
valid_300_4_instance_596,0.11,0.12,0.09,0.11
valid_300_4_instance_637,0.24,0.28,0.25,0.26
valid_300_4_instance_643,0.15,0.13,0.14,0.13
valid_300_4_instance_666,0.29,0.24,0.27,0.29
valid_300_4_instance_679,0.22,0.25,0.2,0.18
valid_300_4_instance_789,0.29,0.33,0.27,0.33
valid_300_4_instance_822,0.17,0.17,0.17,0.17
valid_300_4_instance_872,0.26,0.29,0.27,0.28
valid_300_4_instance_888,0.18,0.27,0.26,0.2
valid_300_4_instance_911,0.28,0.34,0.28,0.29
valid_300_4_instance_95,0.21,0.19,0.22,0.2
valid_300_4_instance_954,0.16,0.18,0.2,0.16
valid_300_4_instance_959,0.14,0.12,0.12,0.12
valid_300_4_instance_975,0.16,0.16,0.15,0.18
valid_300_4_instance_983,0.14,0.13,0.16,0.14
valid_300_64_instance_136,0.27,0.25,0.26,0.27
valid_300_64_instance_139,0.34,0.32,0.31,0.26
valid_300_64_instance_239,0.26,0.25,0.25,0.26
valid_300_64_instance_248,0.27,0.26,0.3,0.24
valid_300_64_instance_267,0.32,0.31,0.33,0.29
valid_300_64_instance_315,0.35,0.32,0.32,0.32
valid_300_64_instance_337,0.29,0.3,0.31,0.31
valid_300_64_instance_351,0.3,0.31,0.29,0.32
valid_300_64_instance_526,0.3,0.36,0.34,0.32
valid_300_64_instance_60,0.27,0.33,0.29,0.28
valid_300_64_instance_810,0.31,0.32,0.29,0.31
valid_300_64_instance_812,0.26,0.29,0.28,0.32
valid_300_64_instance_874,0.27,0.28,0.27,0.27
valid_300_64_instance_889,0.3,0.24,0.27,0.28
valid_300_8_instance_105,8.78,6.26,8.11,8.76
valid_300_8_instance_193,5.84,4.04,4.86,5.69
valid_300_8_instance_197,12.97,11.63,11.75,12.52
valid_300_8_instance_204,8.09,7.09,8.38,7.9
valid_300_8_instance_260,22.57,17.36,24.95,21.18
valid_300_8_instance_28,10.83,8.27,9.12,10.68
valid_300_8_instance_280,6.25,4.3,5.57,6.06
valid_300_8_instance_290,7.52,5.34,7.97,7.48
valid_300_8_instance_313,11.65,7.65,10.8,11.54
valid_300_8_instance_346,6.96,4.95,5.88,6.8
valid_300_8_instance_368,6.28,6.35,8.14,6.47
valid_300_8_instance_381,4.38,4.24,3.72,4.63
valid_300_8_instance_48,9.48,9.55,10.78,9.3
valid_300_8_instance_489,19.78,17.47,20.21,20.69
valid_300_8_instance_641,15.97,12.73,13.66,16.45
valid_300_8_instance_673,5.0,3.78,4.99,5.08
valid_300_8_instance_692,13.31,10.03,14.1,12.36
valid_300_8_instance_706,11.91,10.4,10.13,12.5
valid_300_8_instance_709,13.63,10.6,11.84,12.21
valid_300_8_instance_763,7.27,6.39,8.25,7.26
valid_300_8_instance_826,8.22,6.98,8.51,7.83
valid_300_8_instance_942,6.82,6.13,6.4,6.89
valid_300_8_instance_975,12.52,8.38,10.92,11.68
valid_4800_2_instance_220,0.02,0.01,0.02,0.02
valid_4800_2_instance_583,0.0,0.0,0.0,0.0
valid_600_2_instance_462,0.0,0.0,0.0,0.0
valid_600_4_instance_12,0.15,0.18,0.16,0.17
valid_600_4_instance_125,1.35,1.47,1.34,1.53
valid_600_4_instance_147,4.62,3.72,3.66,4.56
valid_600_4_instance_174,0.62,0.88,0.71,0.65
valid_600_4_instance_23,1.67,1.51,1.8,1.48
valid_600_4_instance_246,1.49,1.38,1.44,1.32
valid_600_4_instance_320,0.61,0.72,0.47,0.61
valid_600_4_instance_432,0.32,0.31,0.34,0.45
valid_600_4_instance_452,0.27,0.32,0.2,0.28
valid_600_4_instance_496,1.45,1.53,1.62,1.49
valid_600_4_instance_525,0.56,0.53,0.41,0.58
valid_600_4_instance_696,0.86,1.07,0.68,0.83
valid_600_4_instance_745,2.09,1.67,1.69,2.03
valid_600_4_instance_780,0.89,0.69,0.59,0.88
valid_600_4_instance_781,0.62,0.51,0.72,0.56
valid_600_4_instance_824,0.9,1.05,0.74,0.9
valid_600_4_instance_836,0.42,0.38,0.42,0.4
valid_600_4_instance_84,0.88,0.9,0.82,0.78
valid_600_4_instance_887,0.76,0.92,0.73,0.73
valid_600_4_instance_931,0.43,0.42,0.45,0.42
valid_600_4_instance_977,0.19,0.21,0.19,0.2
valid_600_4_instance_982,1.11,1.45,1.02,1.07
valid_600_4_instance_993,0.91,0.77,0.81,0.92
